# handle	amount
2	1528
6	899
15	955298
16	3789
18	27
23	907
25	250035
30	8466
31	18464
32	115
43	1638
45	706
46	12685
49	261451
52	694866
53	83
62	2
65	44600
82	4
90	547
96	8376
105	4314
109	142
113	6
126	184880
132	21
138	316679
139	286
146	144607
148	150
149	182
151	10259
153	45927
154	21
156	14
158	2
172	358092
175	204916
176	99
182	27
188	15833
199	76611
205	2
208	178677
210	2
212	11131
216	426
227	180960
229	97
237	623708
239	54
242	580
243	21526
244	405
245	49374
246	48
249	645
255	2768
256	68119
258	56403
261	11789
264	869
267	1366
270	208
276	7
280	106960
287	23
289	9147
294	73874
297	27
299	900581
305	51016
306	149578
308	14162
315	33278
317	6
326	29958
328	43744
341	849518
352	2
356	335
359	353
365	609834
383	3
391	293588
393	5613
396	28365
402	78964
406	46
408	34
418	19643
421	1
422	26
423	15
428	4002
429	112991
432	1039
434	16
437	570
438	145
442	459
443	49373
445	1826
455	64363
456	8633
470	133330
477	76
480	76394
481	2675
484	31563
487	349
492	202
496	13
501	4225
504	327063
507	18080
511	94716
513	6
518	848
520	235
521	220480
523	213
536	2757
544	127
545	94
546	7
547	24896
549	7
552	349
554	1
557	648397
568	5224
576	3
582	477527
584	1612
586	775654
590	87
608	2079
613	238
627	33348
631	211267
635	1042
636	236964
637	321
642	9
648	90
650	5
664	171
667	16428
668	4
671	31
681	27
683	688019
686	3
699	554881
702	1050
705	76157
706	40991
708	11780
712	693
714	136582
716	1832
738	2
747	3
749	407746
752	23
759	5614
763	11698
775	74405
779	38961
800	140
801	27
804	596
811	70
816	1
824	13605
828	20188
832	13831
835	6
836	546
838	33878
841	7542
844	139705
845	57380
851	623904
856	1
869	399618
877	54081
881	30
884	225
893	3
903	7
910	3402
914	19190
920	9
924	3040
947	214517
953	857492
955	2
962	95792
971	9
973	62
974	556389
976	7
979	3728
982	26
983	2911
989	58
990	21
1006	8505
1010	18
1021	589295
1029	3
1036	97647
1046	1859
1054	17481
1063	895
1067	49413
1069	120
1073	429
1074	1923
1075	51
1076	4
1077	874020
1081	302923
1084	7
1085	944866
1106	427
1121	232788
1131	925477
1160	98
1168	1212
1182	17789
1184	497
1196	1
1199	289
1205	30571
1218	2
1234	10441
1240	32787
1244	42663
1247	128790
1249	10447
1252	25708
1256	16274
1268	21
1269	444115
1289	1919
1294	22600
1299	99136
1307	52
1319	2295
1324	12546
1329	391
1330	30090
1333	1312
1334	198064
1345	12688
1356	2
1359	240295
1360	393986
1361	2
1363	84102
1368	2901
1371	1737
1372	3
1381	4
1387	63
1388	14
1392	625
1400	185
1406	1
1413	215562
1416	2
1419	84060
1423	2
1425	8275
1426	165
1444	725
1448	2317
1451	22322
1454	795754
1455	2961
1457	2222
1471	34
1476	5
1482	4
1492	1186
1497	705723
1498	759622
1517	20
1521	143083
1526	15
1530	12
1533	21
1536	9535
1546	141
1550	39547
1561	8080
1571	350342
1574	5663
1577	20634
1586	2949
1588	169
1592	33
1593	84
1608	214
1615	678928
1617	20538
1620	191608
1625	2
1632	66
1638	5
1642	241327
1643	12
1648	6361
1652	112
1653	271992
1654	910
1660	74515
1667	61685
1668	63
1670	85878
1674	2
1676	100937
1690	34
1700	25
1703	12
1734	1609
1737	170384
1741	85237
1742	3
1753	560410
1764	3
1770	1926
1771	14463
1775	20
1776	337575
1779	755
1786	1407
1803	171
1804	16
1808	48189
1813	9072
1820	2
1823	80378
1829	720480
1834	3374
1838	3
1844	62203
1846	31
1854	12
1857	157494
1859	3
1860	28
1872	6149
1873	768411
1875	536
1876	2249
1879	119
1886	6962
1889	204
1896	13
1897	167312
1900	408534
1913	1598
1916	64
1929	30
1935	341
1937	985
1947	69467
1951	43478
1952	103
1953	5334
1959	88387
1964	15
1981	2
1984	482368
2003	32
2004	36401
2005	55898
2006	547
2009	746803
2011	81
2015	2
2016	301
2017	54893
2020	615
2023	218
2050	1651
2057	424
2061	8460
2063	51
2081	543
2085	47
2094	38
2096	6
2101	2
2114	898014
2119	113
2125	2553
2127	18535
2128	6
2145	964921
2146	1408
2147	2403
2160	47465
2176	103
2179	306
2186	7
2188	99708
2189	36
2195	741
2196	148
2199	2
2203	1904
2208	10
2219	4668
2220	6
2227	2
2233	1911
2241	5
2249	124013
2252	25591
2259	27766
2263	48318
2285	8
2297	1
2308	13
2311	330
2318	1586
2330	364
2336	450
2340	80
2341	166
2343	779
2346	202745
2352	985748
2355	2
2356	26
2358	65
2360	13
2370	360
2373	50
2374	113
2376	3
2383	1
2388	2408
2390	182911
2399	6
2402	8535
2408	575
2410	472
2426	4
2430	1114
2433	25590
2435	12100
2443	77412
2447	5
2449	755822
2451	2132
2454	92572
2459	1851
2466	152542
2471	896508
2477	16
2478	7693
2482	19422
2488	312998
2493	104228
2495	144
2498	385948
2499	3
2503	9
2508	532004
2509	144401
2510	242306
2512	137118
2521	166
2543	11075
2548	691
2549	1626
2552	1781
2555	83350
2558	8379
2572	14195
2573	121
2574	4
2579	14
2581	80
2589	347
2592	278
2594	40270
2619	16222
2621	19
2626	15
2628	108932
2633	183990
2634	2
2635	753947
2637	9
2638	1374
2640	33
2644	2537
2648	822
2651	1
2652	34138
2653	3036
2654	9219
2657	7
2660	256
2670	30855
2673	1
2684	2
2686	45271
2694	4
2696	200
2698	676
2707	710
2719	13
2722	1
2723	12302
2728	2
2736	9005
2750	1314
2753	13300
2762	4295
2764	513077
2767	26
2775	543763
2782	1911
2786	76
2792	3165
2795	178406
2796	1507
2800	204
2815	81
2816	2766
2819	27116
2820	1
2833	95
2834	10752
2844	6822
2848	31
2859	84
2860	122594
2862	2
2866	209
2869	303
2875	3
2886	4419
2900	1
2902	184192
2905	603281
2907	78400
2908	12
2918	34
2923	22
2924	3
2927	75191
2929	2
2932	6
2936	15176
2941	112537
2945	250998
2950	1507
2953	141273
2960	598
2963	2
2977	826
2983	82
2994	7690
2995	6293
3000	1606
3004	197
3008	327038
3020	6
3021	52
3022	1512
3024	4886
3039	227
3040	664790
3045	35
3054	405471
3062	990
3063	536
3072	60
3078	421498
3081	47
3086	50
3091	525071
3096	8660
3103	160
3105	1470
3115	60222
3121	624
3124	38303
3126	7379
3128	45399
3143	6600
3151	207
3154	55041
3157	14849
3158	5
3164	104
3165	78
3175	348132
3182	2
3183	536
3188	983
3195	49731
3196	288
3200	782336
3208	77
3210	4946
3218	378
3226	439
3231	3781
3236	108
3243	7079
3244	3
3253	5
3266	2297
3276	3
3278	113488
3283	3949
3288	128989
3291	5903
3296	95159
3305	18
3312	1292
3314	1116
3317	140
3327	7580
3340	29262
3342	2
3353	2
3356	10
3359	17
3367	38
3368	30660
3369	8010
3372	144
3373	810
3374	6046
3376	2
3377	1
3378	223825
3386	61879
3399	2
3403	55889
3417	1
3422	228
3438	5983
3439	47
3455	6
3464	4
3466	120722
3470	27481
3473	1
3480	539
3485	16887
3490	64
3501	181054
3502	579509
3505	1383
3509	330175
3515	777803
3520	352943
3523	61
3531	966
3541	6
3544	237
3549	116
3554	30859
3560	42506
3564	347086
3571	7
3576	2
3577	36
3581	1
3596	73272
3597	271
3601	168897
3606	32
3613	25
3620	8806
3623	1883
3625	4
3627	9843
3629	2
3633	4615
3634	10
3637	67
3652	954
3670	22538
3675	25
3676	265
3677	1915
3680	124
3683	275664
3684	6910
3690	2
3691	85879
3695	12
3699	24647
3702	56171
3703	9
3704	60220
3707	6976
3717	121
3729	2
3734	4
3735	75
3737	3144
3745	17
3750	66
3751	51
3752	47
3755	19853
3758	780
3761	82
3767	125132
3769	196
3795	325620
3798	3
3799	100684
3800	859
3809	608
3811	20
3817	67115
3821	258
3823	1
3832	441253
3833	14777
3834	722
3835	2814
3836	2
3837	2
3842	3
3855	4
3860	942157
3867	25
3870	32
3881	963
3887	1074
3891	2
3894	36
3896	8
3897	180
3902	864
3907	14
3920	422995
3927	28766
3928	6401
3932	11869
3934	267
3938	71
3948	43
3953	52
3956	76
3957	19501
3959	1
3962	254539
3966	2
3973	629293
3974	702
3976	263393
3977	2
3997	162
3999	152214
4002	8
4005	26095
4015	7901
4026	317105
4028	4
4032	19986
4050	2
4055	657
4064	628
4072	140
4078	124874
4084	1536
4092	10
4095	16144
4096	31
4097	156
4101	189642
4105	3335
4106	401
4110	11896
4115	155013
4117	164087
4120	808860
4125	27
4132	2
4138	34307
4140	9292
4141	23861
4150	173
4153	76
4154	8527
4172	32
4174	27
4177	806547
4179	3468
4190	20380
4193	10
4199	947632
4205	24177
4209	12
4214	8
4221	394173
4225	291358
4230	828645
4237	128
4238	62
4250	3289
4252	426
4262	63815
4269	36
4270	12495
4275	527573
4277	168
4284	4
4285	2
4286	25973
4294	80
4295	26506
4298	6685
4302	10
4304	23454
4306	6466
4312	4785
4314	8732
4328	24
4333	2569
4340	65743
4346	7427
4350	146
4360	778
4370	169
4372	34471
4377	5
4379	193
4383	67
4387	4
4401	32
4408	780152
4419	396728
4425	4965
4429	14
4434	20213
4435	1
4445	164
4446	5
4449	26421
4461	233
4464	27
4465	518
4472	2
4473	5399
4477	385
4484	3
4488	724999
4489	214697
4497	81
4500	229
4502	941878
4510	1708
4536	34
4539	60
4548	181
4550	317660
4555	157
4556	3
4559	378
4569	14
4574	11
4575	542
4579	88
4589	20
4590	3
4611	36
4612	103780
4613	898
4616	1
4620	497
4625	181837
4630	21
4637	3996
4642	6837
4643	17
4645	6
4646	467
4648	13
4662	2
4663	161
4668	70035
4671	419
4677	214
4684	158505
4709	18135
4715	2
4718	169
4724	5
4725	1
4726	106679
4727	1
4743	9
4761	2843
4762	12
4763	15740
4780	9
4786	61475
4789	606236
4790	2049
4791	2
4795	130
4798	129661
4805	38951
4806	2827
4809	340202
4810	17
4829	5077
4843	60
4858	431842
4859	11
4862	586
4864	13
4871	48
4872	190
4874	9
4876	2
4881	119331
4883	8
4888	102
4889	40
4891	1119
4892	446
4893	49355
4897	4
4902	34
4905	1508
4908	9842
4917	1352
4922	2
4928	6
4938	20549
4944	5
4945	1736
4950	28
4952	8
4955	25
4959	265132
4960	1447
4962	15
4971	587
4972	614444
4973	19081
4975	201114
4976	740
4978	20424
4980	30
4984	1
4988	309070
4990	14
4991	9218
4999	5196
5002	1061
5004	1370
5007	2
5012	962
5013	2
5014	24828
5015	13825
5018	730398
5021	5
5025	114
5036	14331
5037	11
5039	12
5040	220981
5043	5
5053	4748
5059	15
5063	7718
5064	534
5070	401802
5072	161596
5074	4
5075	12979
5077	12
5081	75
5083	34330
5084	28
5103	499
5107	18
5108	626107
5114	3
5119	2
5122	1
5125	4
5130	11351
5132	4914
5141	56
5143	12788
5144	902112
5148	180
5157	1824
5159	10883
5167	4180
5172	23
5177	640501
5185	1846
5188	19
5193	1075
5195	931389
5200	2317
5201	38583
5208	4
5209	452913
5213	2687
5219	6544
5231	3
5233	62
5244	7121
5251	151
5255	9
5260	59831
5276	94082
5278	6
5287	457
5288	11
5289	135989
5291	8267
5293	13
5296	4
5298	153
5301	4786
5310	1
5312	1338
5313	72
5318	1295
5319	6
5320	416877
5327	1414
5335	1177
5336	9
5337	1
5338	28812
5342	21
5347	107741
5350	2
5351	743328
5355	52954
5364	21
5366	10
5368	17578
5376	168
5386	32
5392	74
5394	21375
5395	237
5397	524
5398	318562
5405	559
5412	7076
5414	197
5415	247
5423	4
5426	269
5439	3215
5445	1116
5453	730
5461	454888
5462	69
5465	201171
5475	1245
5476	360718
5482	14044
5483	6657
5487	3354
5500	41335
5508	667
5511	200
5513	2067
5525	677092
5528	8364
5546	345
5552	10314
5554	3
5560	811509
5564	66573
5566	243496
5569	58
5575	2
5578	42
5586	124916
5592	29918
5594	45822
5595	12520
5602	56
5612	4
5615	30
5619	61977
5620	1
5625	105152
5630	890272
5632	893795
5637	36539
5639	331
5648	286
5665	320046
5666	863
5667	1945
5674	15
5675	80929
5702	17253
5703	124
5710	13
5715	15
5718	257
5720	61
5724	31368
5726	6
5730	3
5731	2
5732	766
5736	10328
5742	2866
5758	3227
5762	60
5766	5
5771	2
5776	60401
5777	17
5779	63
5786	450
5791	32794
5795	333
5796	8
5806	4
5811	126100
5813	11
5814	5130
5819	21
5831	11
5842	4
5847	98210
5854	2
5858	1
5859	48389
5862	74510
5863	143113
5865	184569
5868	333
5870	571
5873	288746
5880	907370
5881	1497
5886	124670
5887	214758
5888	15
5905	65
5920	1665
5928	6963
5930	44
5938	413
5939	20517
5940	143
5941	4
5949	186057
5950	819418
5952	200121
5957	50274
5960	550
5963	11189
5971	303
5981	1349
5996	3
6001	2
6017	59746
6024	19246
6037	45
6053	11321
6065	20639
6088	37324
6106	942685
6111	902059
6112	345
6113	95293
6114	755645
6120	16576
6122	45653
6129	4145
6145	216
6148	184
6150	2124
6157	1436
6165	8530
6166	4
6170	842381
6171	500190
6187	223547
6192	69
6200	330
6201	16225
6209	53
6210	12
6223	145
6227	425
6231	1
6233	92570
6236	9
6244	15
6253	3259
6260	22
6261	13
6266	3290
6269	115
6275	34321
6277	459
6279	251
6287	36196
6293	26300
6300	13541
6302	947994
6305	939
6306	639767
6308	4
6310	14792
6311	8160
6317	609
6321	2
6323	120772
6331	942868
6333	4
6337	13
6345	3
6349	257100
6353	244355
6356	5635
6361	801
6364	720143
6368	1701
6373	532
6376	11
6377	5557
6382	42
6383	501
6386	1125
6387	469
6390	469
6393	22
6396	273142
6397	36586
6402	345638
6409	1
6416	918700
6421	5
6422	334
6429	197116
6432	10102
6435	579
6437	540611
6439	743
6443	122623
6465	32115
6468	3
6481	50495
6485	569
6503	2876
6505	38
6512	56775
6514	26
6518	1
6528	1
6536	30
6540	2
6541	979
6543	1
6546	7
6547	5574
6549	333716
6556	15
6562	71749
6569	210
6576	136799
6580	354627
6582	380809
6604	17
6608	858970
6615	29
6618	37
6628	2
6629	3
6636	20
6641	1260
6643	802572
6644	259172
6650	1429
6651	21470
6657	5906
6669	755915
6672	11
6676	1285
6684	1360
6691	24
6698	269551
6710	12
6716	6
6717	41806
6721	126
6723	48632
6736	1654
6753	569560
6764	6
6772	180
6773	4556
6777	684
6782	124643
6788	2
6790	52
6799	5584
6808	213927
6818	732
6822	368
6824	304
6828	7681
6834	335220
6836	5348
6841	29035
6844	5
6855	142
6857	440
6861	4355
6865	199645
6866	1
6867	242
6868	8
6871	1111
6872	8369
6873	96487
6876	8772
6879	80
6883	4173
6892	151672
6897	3
6898	535
6912	391
6914	28587
6916	148616
6918	22421
6921	7962
6925	245
6927	8
6935	247148
6936	2
6937	15
6942	90
6943	78993
6946	4039
6947	1471
6948	158256
6950	24
6956	38563
6957	37001
6958	9
6960	298
6968	31038
6969	847
6973	8
6976	8682
6983	210
6984	865203
6995	304
7003	2299
7009	440380
7014	4915
7017	322997
7018	2
7027	5
7033	1
7035	25
7036	872981
7041	11
7048	33
7055	38726
7058	218
7060	15
7062	40
7064	47451
7065	654
7073	4
7079	57
7082	4176
7093	6
7094	1823
7099	30923
7114	192188
7115	20014
7121	1
7134	104404
7135	7
7139	15861
7151	104342
7152	6
7154	539
7156	3
7157	17337
7176	49
7178	11
7193	375
7194	11
7208	205
7216	17
7221	793664
7226	2
7232	50412
7240	1
7241	383865
7246	8
7250	870
7253	2
7255	2
7271	48946
7273	1
7278	551
7289	5
7291	34
7313	608702
7323	2731
7333	22179
7336	1025
7337	78
7338	2
7350	1098
7380	253
7385	5706
7398	1845
7401	226
7412	9051
7415	4873
7423	230
7435	484084
7436	4854
7442	24636
7445	14
7446	47584
7457	65
7469	19
7473	1563
7479	9461
7480	6063
7487	257557
7493	9471
7498	23
7500	129
7508	3113
7509	2614
7510	95
7524	1367
7530	2
7531	1
7532	2375
7534	2
7540	111921
7541	921610
7545	126538
7551	14316
7556	41
7560	3601
7561	13
7564	55
7582	32746
7585	2219
7598	4
7620	1405
7628	5211
7640	242724
7641	137026
7652	60344
7654	27
7662	285
7665	39178
7684	43349
7685	472937
7686	275773
7693	4
7696	13008
7698	740
7699	9
7700	174
7704	502690
7713	863304
7716	422310
7720	71157
7730	235
7732	69
7734	3
7755	863
7766	9
7771	55
7790	2
7797	39583
7798	7
7799	269
7801	30
7806	1060
7813	43
7814	51
7822	361
7825	36
7826	1
7834	13734
7836	517186
7842	4929
7843	9
7856	19
7857	3
7858	55562
7861	3
7864	30895
7867	332826
7874	3340
7877	5222
7882	18
7885	10609
7888	9367
7891	67
7906	3975
7907	106083
7908	57
7910	2
7911	146184
7916	88
7919	4128
7948	684579
7951	386163
7955	3816
7960	55809
7965	608033
7966	12993
7972	455867
7980	1208
7982	395
7984	222305
7995	8
7997	2
8003	144151
8004	714393
8008	94
8012	7
8013	167817
8014	4011
8016	2334
8021	55
8025	264
8026	23
8035	3
8036	98453
8037	137
8038	159
8039	7
8047	14209
8059	690783
8075	2
8079	2787
8098	86112
8111	682
8115	161
8117	112
8125	2
8126	657271
8130	49
8137	6301
8139	37602
8140	460
8141	15
8150	2256
8172	4
8185	1766
8195	18184
8198	669876
8201	11527
8202	77
8205	8185
8217	747888
8223	3075
8228	5
8230	511
8238	674
8241	229
8247	11940
8250	85349
8251	6674
8254	67315
8255	30700
8257	14
8258	87
8262	4801
8263	120
8277	137
8279	3107
8284	1
8292	22919
8294	64
8295	565671
8298	69949
8299	55715
8300	310
8306	6324
8312	37107
8322	281
8324	54284
8327	108229
8331	12667
8335	315
8337	3
8340	837
8347	148999
8365	336045
8370	489
8374	6681
8379	58
8380	307890
8386	40
8388	239792
8390	60
8391	77
8394	185
8397	327
8402	46206
8404	4
8405	5
8407	18
8409	91799
8410	4254
8419	1551
8426	1195
8427	34461
8430	11
8433	9
8440	55
8451	6554
8465	362341
8470	4329
8473	12
8482	3966
8489	8
8493	112
8501	5898
8505	13705
8511	13
8520	356
8524	2392
8530	124485
8531	954
8544	13
8550	159
8551	17802
8553	68
8554	46332
8562	1812
8563	256
8570	23762
8574	672
8578	47780
8582	8996
8585	6898
8590	512030
8595	2
8600	109
8601	512482
8602	652
8603	16
8612	3
8613	113829
8614	301
8634	119
8640	1150
8641	1370
8645	178721
8657	7
8667	23
8670	1730
8679	29
8681	2
8689	5
8692	2
8693	12
8706	3204
8711	15
8717	230
8724	1503
8726	1
8736	398
8740	2314
8741	628
8756	11
8769	7206
8779	3507
8783	355
8788	343558
8804	325
8805	1796
8807	894
8808	4378
8827	599800
8829	6
8831	729
8842	727893
8850	692838
8851	2
8855	187
8858	4
8870	89
8882	20
8887	192486
8902	762
8908	1
8910	557
8911	67
8912	322
8913	73740
8915	30765
8917	4234
8927	17211
8935	3500
8936	1957
8939	16388
8944	683
8945	248
8960	85556
8968	38
8969	12
8973	78312
8981	4004
8985	16
8989	267
8995	17644
8998	28
9004	3296
9008	6
9017	282
9019	552
9020	2
9023	1
9024	28357
9030	3329
9033	541174
9038	307
9042	366
9047	1
9051	2
9054	11023
9057	1442
9059	10
9061	15214
9066	4310
9067	7
9070	946052
9081	4
9084	1
9089	3
9091	27
9096	73
9101	133397
9102	134053
9105	629
9106	1230
9118	265
9122	360
9127	139080
9136	60605
9142	192045
9145	6990
9149	4121
9157	14
9163	5884
9166	15
9170	1518
9175	191
9177	84
9178	1
9179	1451
9192	140908
9205	13
9211	8507
9216	16
9228	13781
9237	6
9238	294
9242	87018
9247	17
9263	799
9264	1108
9272	853
9274	381557
9292	494529
9294	15250
9298	2782
9299	1
9300	1223
9301	6
9304	18300
9307	12
9322	26
9334	1330
9335	84
9338	911213
9345	68
9350	83917
9360	37
9366	2461
9376	2702
9388	3
9391	138102
9392	390116
9396	4
9398	20647
9399	15937
9405	11
9411	1700
9412	335875
9419	19
9421	314667
9423	181693
9426	188255
9432	404
9434	14
9436	77
9438	3
9444	4255
9446	46730
9451	9
9462	1309
9465	86469
9476	82
9482	47
9485	4211
9491	942
9500	51257
9502	218521
9503	23400
9515	14369
9516	933265
9520	167
9524	370720
9525	36126
9538	5033
9565	3439
9568	141564
9582	5312
9584	25362
9589	166
9590	6
9598	96065
9605	820
9611	41
9613	3956
9614	2
9619	10
9627	176
9628	628
9634	110
9636	50177
9638	128765
9640	2
9642	87844
9644	41966
9650	9
9653	3034
9654	141
9659	221
9665	81
9669	204
9671	7194
9678	202
9704	366104
9705	1694
9723	136224
9724	17
9733	58
9742	7226
9745	491970
9746	999
9749	54591
9751	205848
9758	424
9759	563218
9763	346
9764	7
9772	288157
9774	34371
9775	39313
9780	196
9782	17
9788	25
9789	29
9793	11
9826	365644
9832	5
9833	360
9840	315
9842	12298
9845	911
9853	155
9859	41346
9864	7673
9869	367
9870	38868
9871	3980
9879	2650
9890	21
9901	7
9904	100572
9907	27
9914	743850
9916	1258
9921	468434
9927	289
9928	1012
9929	4038
9931	200
9935	445731
9939	332782
9948	11
9970	2765
9979	29726
9983	293117
9985	704
9986	15459
9994	6804
10000	2319
10002	36
10006	2
10008	20090
10009	3686
10015	3423
10018	747
10028	3
10035	15
10036	152
10037	573383
10039	4
10051	187
10053	34421
10060	163389
10061	39970
10063	133997
10066	2035
10076	11275
10082	243
10087	12
10091	631595
10094	15727
10095	1
10098	498728
10105	9680
10115	196
10116	2175
10119	182
10120	48
10127	5961
10129	45
10132	1721
10134	76318
10143	3
10148	235822
10151	7
10160	32
10162	4
10186	28900
10193	285
10194	8289
10215	119484
10224	313
10232	5
10233	1049
10235	33
10252	151
10257	296091
10258	3953
10260	150
10268	8530
10269	8157
10270	983941
10275	31
10278	536727
10287	52821
10300	2
10303	4634
10318	883
10326	220
10343	4550
10358	5
10362	244958
10367	37645
10369	1716
10371	1927
10372	1
10374	65299
10380	933
10383	29
10396	965968
10399	1
10401	53656
10402	487
10405	7169
10416	2733
10418	28020
10419	410708
10431	260259
10446	2184
10449	13014
10452	491
10462	13109
10463	18157
10471	22094
10476	1931
10478	9864
10480	11
10494	923791
10508	1074
10513	62125
10520	6
10523	8
10525	73700
10529	107543
10535	115910
10540	27
10542	387862
10546	162
10547	1
10550	5
10561	310703
10564	52
10565	3946
10580	637
10588	15435
10595	92985
10596	140
10600	242960
10603	262356
10608	33
10611	5837
10621	928
10623	188
10632	540
10637	3018
10643	6
10650	6
10655	447801
10661	821
10668	53676
10671	59
10672	182
10673	263856
10689	622126
10690	1652
10692	36
10696	9
10703	19
10708	53
10711	3
10725	136075
10727	418
10728	73
10731	558804
10740	264
10741	81
10753	3904
10754	60
10756	968
10757	17
10758	4716
10761	1878
10768	8
10771	1440
10775	5
10778	13248
10789	66
10791	1
10795	10
10805	11462
10807	552
10815	4
10828	496
10829	10
10830	1478
10831	556
10842	3
10847	673
10859	1993
10860	49
10864	8
10872	8518
10876	28
10877	835421
10886	193831
10890	134720
10895	681
10896	506215
10908	1255
10910	149
10921	38
10933	22631
10936	1425
10946	48731
10947	303416
10960	903027
10965	3
10972	729305
10974	239
10977	30
10978	6392
10986	10
10988	49702
10990	10
10994	61342
10999	57089
11000	407
11005	25562
11009	240841
11010	15
11026	671242
11039	37
11042	17
11044	15
11045	172695
11046	32
11048	45
11054	1
11069	258
11071	632
11073	553607
11079	6777
11080	1
11094	202
11099	4326
11102	360
11103	39003
11104	27
11107	54421
11118	5832
11120	2357
11132	33728
11134	12382
11141	7674
11142	38
11160	327
11163	902
11172	6578
11182	556
11198	756
11209	107997
11216	3
11219	242145
11234	46407
11246	119802
11247	176
11248	13126
11249	4
11256	2
11259	277
11273	90993
11280	16112
11285	1
11287	17851
11293	242106
11295	87
11299	1070
11312	1
11317	68
11319	37521
11320	760
11321	27457
11322	93
11328	46745
11331	1
11345	125430
11346	381822
11350	656
11351	31
11356	16
11360	14556
11362	4
11363	4
11367	45
11378	434
11380	3998
11395	218
11404	107471
11410	324320
11412	1102
11414	11934
11419	18
11421	56147
11423	100
11424	230919
11425	232
11428	9846
11429	7
11443	84797
11448	27754
11451	4724
11453	61
11458	826031
11467	294966
11468	5409
11472	6
11489	98584
11495	36
11496	51
11500	2250
11505	201097
11506	3
11513	9
11515	44
11520	3702
11523	71639
11528	1210
11538	3
11552	726229
11554	99
11556	24
11565	577623
11567	26
11570	8016
11573	162
11579	51292
11583	349074
11584	5
11585	169
11588	6
11595	10252
11602	29
11614	275870
11620	27
11625	22333
11636	40606
11638	7
11643	158762
11651	132004
11657	17
11659	7301
11665	68
11666	256
11674	18
11678	20142
11679	1561
11686	124691
11692	125
11697	898
11698	2147
11711	1
11718	22998
11722	118
11725	123440
11731	19089
11732	23939
11734	264012
11736	5
11742	413368
11746	2946
11748	39
11752	3
11754	155
11762	6
11763	103370
11769	260440
11775	2862
11776	381
11782	4
11790	31
11791	1
11792	6585
11796	8
11803	7368
11809	385066
11827	405797
11833	2
11835	5
11839	199725
11842	2288
11846	82
11848	1219
11861	814030
11862	525
11869	188007
11872	27
11877	144
11891	29303
11896	20
11902	311908
11903	227
11911	669
11915	177716
11916	401175
11920	327
11929	292
11937	8240
11940	29345
11942	250513
11943	10519
11947	5
11949	562644
11958	102
11959	3
11970	3526
11976	189614
11980	1
11981	14726
11984	89555
11990	89242
11996	4408
12003	1605
12016	29
12021	20
12033	293184
12035	2306
12038	14
12042	251
12044	808
12046	276664
12050	47510
12062	373
12063	5
12077	68
12087	1008
12091	60750
12094	10081
12099	79
12107	583394
12111	5032
12114	82343
12117	1748
12122	6
12124	127
12138	454
12141	1522
12143	12
12145	152
12153	109086
12154	962
12156	937
12170	16070
12174	24056
12177	298333
12184	28
12186	322857
12187	203840
12194	1
12207	2330
12209	1115
12212	22
12214	793220
12215	6563
12216	38
12219	2
12229	17
12232	164
12234	161
12243	202779
12244	383
12257	976
12261	946
12267	620
12276	18
12284	11
12290	693424
12291	318740
12300	128565
12301	202
12305	1295
12307	1168
12310	189
12324	704089
12331	62745
12335	551566
12340	334045
12345	3042
12348	2671
12354	877487
12360	3
12371	22
12372	17
12375	108788
12376	112466
12381	56819
12386	2
12388	2387
12389	450
12395	1149
12398	545717
12406	404
12407	45400
12411	2
12418	8
12419	65
12421	160
12423	1887
12424	850
12425	55114
12427	97
12429	7050
12437	1026
12444	8071
12461	654
12462	113
12464	113
12467	1
12474	446139
12479	2
12481	851
12487	186
12488	1956
12497	35
12498	34630
12511	364
12515	5
12516	129
12517	271393
12524	6313
12533	100
12540	3
12541	620695
12544	12
12545	2229
12551	84777
12561	280411
12562	176200
12565	26
12571	3639
12575	3556
12578	2050
12580	2219
12584	756
12586	62616
12588	61
12589	3
12596	10
12600	137747
12601	60320
12603	137035
12608	6
12612	7
12613	1493
12620	43
12631	306195
12633	2862
12638	1109
12641	144925
12644	40
12652	577
12656	11
12658	700534
12663	76834
12669	3637
12681	47
12683	4
12686	240
12697	228
12708	63
12709	1767
12714	2
12720	1781
12724	82907
12728	2
12734	2
12737	56530
12741	9
12742	250337
12773	18
12777	3200
12781	39
12788	3
12795	744
12800	30218
12805	7
12811	1643
12828	6771
12843	11
12850	5
12862	1
12866	23128
12871	1
12873	2
12881	40531
12886	80
12895	101
12905	736
12908	3266
12910	130
12924	59
12925	3044
12926	698
12941	106954
12942	62046
12943	2
12949	176
12950	3
12953	30543
12955	204157
12962	309
12965	124
12968	405793
12983	722887
12988	34
12989	110602
12990	102266
12999	121414
13003	23
13006	75
13007	54956
13009	92724
13012	2909
13013	2473
13014	4
13015	43
13020	150585
13023	5
13029	316
13038	934765
13040	699
13049	2
13050	35241
13051	547347
13057	110
13058	4165
13063	1173
13068	23
13071	368
13099	63
13104	13
13111	19483
13115	156081
13124	2
13137	35276
13144	30
13146	25
13147	16
13158	3679
13160	69568
13162	594533
13163	1769
13167	927110
13168	360
13169	94
13170	334742
13172	7153
13180	2
13184	578884
13189	65642
13198	14
13210	253560
13218	335
13233	5
13236	72
13244	1783
13245	33
13251	177
13252	11247
13254	63345
13260	336
13261	2272
13262	1
13267	782132
13275	1435
13276	132988
13278	16643
13281	21
13283	308
13285	33
13301	134439
13304	1335
13311	12
13312	87203
13315	53680
13316	218
13318	805377
13328	3626
13331	2722
13335	2058
13336	9189
13338	133
13353	5909
13360	3
13365	260
13368	78
13371	1383
13376	11
13381	510
13382	50653
13384	489
13390	9
13394	9643
13399	8256
13403	6952
13409	101555
13410	213828
13414	105
13416	5
13417	21
13421	481775
13428	3222
13435	316
13437	470128
13445	2
13450	4644
13451	52
13455	1
13456	6927
13460	33347
13467	17
13470	23
13475	3339
13477	1154
13488	197936
13493	74
13500	8795
13502	7438
13513	2
13515	987094
13518	13523
13519	7
13520	9
13525	870
13528	13
13533	15601
13539	6
13542	5
13544	2
13556	2
13564	103
13566	22
13575	4
13579	4
13589	66
13596	38664
13597	26990
13598	1108
13605	68
13607	7
13611	489
13614	1
13630	51
13635	46
13638	21658
13661	34
13665	393018
13672	1791
13691	1114
13694	2
13695	542
13702	3
13707	6
13709	1591
13719	10
13722	23111
13726	446480
13731	21
13733	583925
13734	130
13739	58
13745	2
13758	56
13765	487
13769	37
13771	41456
13780	11
13792	1643
13804	9
13807	1149
13811	1255
13812	85525
13814	144704
13818	485
13828	1
13830	5
13833	3
13844	97
13853	4418
13857	5407
13861	22
13867	2564
13868	20
13871	129
13884	688497
13893	477581
13898	57
13901	92543
13912	12205
13915	2970
13918	21
13923	134178
13927	2
13932	8
13936	494
13938	9614
13940	64
13943	1579
13945	858318
13959	3801
13960	559385
13964	10
13965	169
13971	185055
13972	633
13973	9
13979	14139
13980	849
13989	83662
13993	12
13996	48
13997	7179
13999	15
14014	250032
14016	22
14018	28421
14022	128221
14032	80
14037	4
14039	74
14043	7
14047	392842
14049	762
14060	4
14062	98436
14069	89801
14071	496148
14073	1002
14075	106183
14081	122
14096	84218
14107	147574
14108	503
14112	4
14116	34349
14121	5
14124	22793
14127	34
14128	77
14131	8063
14133	42802
14145	2
14148	5398
14151	2771
14154	3728
14164	502
14179	3
14189	361892
14192	169758
14199	43
14201	137
14205	1
14206	65601
14219	32112
14221	3417
14227	92
14239	47
14251	252832
14253	2
14257	6
14271	9
14273	3
14274	401919
14276	9
14277	71131
14283	90
14290	13
14304	50011
14309	337
14312	326369
14320	33698
14321	56
14324	79
14332	68010
14338	667
14339	3599
14342	112
14343	4054
14350	13
14351	10104
14361	195
14364	7
14373	4438
14375	2
14377	4
14379	462018
14384	14
14385	47462
14391	605
14392	343
14395	43
14397	941559
14405	4
14407	268038
14408	3171
14416	3213
14417	808
14427	3285
14430	97
14434	2224
14442	29
14450	2242
14464	15
14474	2603
14480	23588
14488	282707
14490	35
14500	1
14506	1
14507	3422
14508	12
14510	9705
14515	600
14517	165
14520	214
14525	5226
14530	908
14533	2
14547	31
14548	25
14554	175125
14570	18
14572	134252
14584	67484
14588	1857
14590	7126
14595	431
14596	772417
14600	141182
14602	144
14606	43
14610	18
14612	21756
14615	13
14616	345
14630	5
14634	2776
14640	1383
14648	3530
14666	2619
14668	1
14670	202
14671	1911
14672	512
14674	2
14675	525
14677	6
14682	36332
14684	4
14694	151
14697	184
14702	52
14705	265353
14706	182609
14708	49983
14714	5
14718	118962
14732	68
14739	15
14742	46340
14747	416
14753	1411
14761	2
14764	274
14771	111374
14782	154684
14784	15
14790	7
14792	321
14803	974
14807	793368
14812	138314
14820	270083
14822	127
14828	16
14831	10
14832	15677
14833	2775
14840	2061
14841	209
14843	1098
14847	70
14857	1456
14861	30127
14866	128867
14868	2100
14869	505067
14872	199
14875	587
14883	382367
14885	292
14899	797
14902	239321
14905	98295
14909	49973
14915	726
14916	127
14919	76
14925	174465
14926	32
14930	3862
14933	716973
14942	125
14944	14105
14950	1
14965	166
14966	183062
14968	823606
14975	158066
14976	33
14981	1
14986	99
14989	11041
14990	86
14992	5
14998	645
14999	4427
15046	23904
15049	1133
15054	4
15056	447
15058	1066
15059	179
15063	4
15065	452589
15068	16
15075	2424
15088	426879
15104	786691
15107	16418
15109	1
15110	880524
15113	125
15118	32238
15133	2
15135	517
15142	43
15147	43096
15167	160
15173	808672
15177	1108
15182	3691
15186	334561
15193	63
15195	444
15200	215
15204	2
15210	4941
15213	36
15217	64980
15223	302
15230	958
15237	1911
15241	510
15247	14384
15252	2
15259	196232
15263	358067
15267	13441
15269	13
15274	29
15283	11
15284	10
15290	3
15299	224
15300	5997
15311	89
15312	1
15314	1521
15317	111596
15319	541
15320	12761
15323	3456
15327	550830
15329	20
15337	26
15338	6430
15341	18628
15343	3581
15344	10249
15353	1676
15354	73753
15356	174109
15367	321015
15379	207623
15382	4
15385	215181
15390	46
15401	489768
15429	397
15430	35916
15436	4
15444	1
15459	1586
15460	351
15472	359797
15477	797818
15479	30311
15481	615134
15484	2
15491	235
15492	63849
15493	130843
15501	4876
15510	2
15512	2
15513	619852
15514	46302
15515	513
15519	5
15520	7
15522	1324
15525	2
15544	6
15547	48667
15549	33798
15552	4827
15557	32
15558	217
15566	2
15570	66
15588	2
15591	712
15593	781
15596	887
15597	1327
15601	53
15603	18
15604	142277
15607	32944
15613	46109
15616	42440
15619	5
15620	245550
15624	5339
15626	84
15629	455
15630	165
15631	417072
15633	141
15634	181
15635	448
15636	239922
15641	4
15644	349
15651	3500
15652	1783
15659	271
15660	686826
15667	415808
15668	2915
15671	3806
15678	1561
15680	119
15688	3826
15692	3
15701	41138
15714	5820
15722	8560
15727	6
15731	778
15738	52
15745	701
15757	116212
15763	1618
15775	119053
15776	7262
15781	861401
15784	454335
15790	828
15795	344
15800	14
15802	71184
15810	892
15812	25576
15817	4
15823	9375
15827	5
15828	194
15836	12
15838	227
15839	2
15844	531
15845	274039
15851	20878
15872	563327
15874	25051
15876	34026
15878	345
15879	405122
15896	4615
15903	80296
15910	59512
15918	1
15921	2304
15922	494
15925	348927
15928	1754
15931	3
15934	160097
15938	12
15954	74452
15962	29411
15979	7968
15986	102645
15997	1039
16001	492
16007	54
16010	8
16011	1371
16013	846143
16016	2
16018	2
16021	4
16022	377
16024	2
16027	106911
16028	731
16029	9
16034	346
16035	8
16039	1273
16041	3
16046	5
16050	308
16054	306
16055	2
16064	6
16068	576299
16088	30
16092	71914
16094	5385
16097	674
16098	1321
16100	9605
16104	808921
16108	321
16133	2
16134	4
16142	10565
16144	40
16147	32
16148	416038
16150	59
16152	14
16153	13984
16158	25651
16172	2
16176	2221
16187	83
16192	4360
16197	1419
16206	8
16213	2325
16216	2
16217	4
16218	87
16222	59
16234	2168
16236	16738
16243	477
16244	12035
16245	244790
16263	155921
16270	14
16282	1932
16284	1
16285	266751
16296	187175
16302	87
16306	1684
16311	95
16316	27607
16320	864067
16321	1361
16330	1947
16337	26
16340	1012
16342	10
16343	5946
16344	14
16345	2
16346	304
16347	90699
16352	256152
16354	246
16367	1190
16373	65
16375	9
16378	595611
16381	8
16382	28414
16387	88754
16396	4
16399	538117
16402	19
16411	259
16413	74730
16422	2
16424	17049
16436	897736
16443	57
16448	187967
16449	71783
16450	3059
16452	3
16461	736948
16466	1
16480	489
16497	366
16500	2433
16510	93081
16511	12001
16518	8199
16520	289
16530	390
16537	1680
16539	3
16543	41006
16545	544
16546	3810
16551	150222
16552	2
16557	478
16559	8
16564	1
16570	2
16572	16782
16589	119695
16591	833223
16597	679
16609	913
16611	44
16624	40
16643	584
16645	1494
16656	136656
16657	22
16667	593009
16672	43
16683	205
16685	68
16692	325589
16698	206
16699	2
16700	7224
16736	225
16740	290819
16741	61056
16748	98656
16752	14
16767	16
16772	322568
16775	4978
16784	211767
16800	604
16803	1
16806	52
16812	9406
16813	3887
16814	2619
16815	158674
16819	57
16829	3
16832	1
16845	209
16846	3089
16856	5
16858	1927
16872	3
16876	25957
16881	265
16889	155614
16890	217
16894	6985
16896	15306
16903	14369
16907	14
16908	940174
16914	279509
16915	13
16928	1
16931	4
16938	525569
16941	11572
16942	68
16947	28
16950	7
16952	23
16963	5
16965	206974
16973	675
16975	27
16983	41
16987	568
16989	73
16991	127
17009	2766
17017	10
17018	91
17021	34
17023	104468
17025	55354
17029	11526
17031	10
17034	951560
17035	360277
17036	16
17053	660475
17057	576
17060	1
17067	27188
17078	253816
17079	3555
17083	2419
17088	176676
17106	2
17111	13
17115	212757
17116	1
17117	68823
17119	3406
17126	8400
17127	254
17128	6241
17134	16
17138	60731
17144	91
17152	25144
17155	215
17163	303
17164	33
17170	1
17171	38930
17172	762
17173	51
17179	457727
17188	274932
17189	12123
17192	1
17205	274075
17208	14259
17212	226515
17217	820261
17218	3
17221	406970
17223	506566
17228	9
17230	366
17232	235
17246	8137
17250	2
17251	239
17254	472472
17266	2
17270	1664
17272	2
17273	45
17277	20787
17279	3
17284	31842
17286	9
17288	1787
17293	22204
17306	39
17307	6333
17313	45744
17314	4
17327	2916
17333	1
17337	1
17339	11
17341	844728
17342	6
17346	501101
17352	37849
17354	218
17366	102830
17368	4
17369	32055
17372	373
17376	516
17384	36462
17386	19
17388	13274
17392	55
17402	221401
17403	732499
17404	620386
17406	305668
17414	6938
17425	3219
17430	53898
17442	6384
17447	73
17460	2
17470	20081
17472	327572
17475	29154
17479	353
17481	210
17490	124
17493	419980
17494	62592
17499	15188
17503	399340
17507	9299
17508	9
17509	28
17513	38
17517	185749
17529	1149
17536	8
17538	519
17549	11
17554	680
17556	1
17557	419
17565	28210
17569	23645
17571	8671
17577	15508
17594	3
17595	4320
17609	1630
17612	5566
17620	17289
17626	54457
17627	1380
17631	2889
17642	20184
17648	82921
17650	2513
17651	95294
17659	19602
17662	537
17664	13
17665	1331
17670	2368
17673	1621
17691	463
17695	54629
17698	235
17701	8
17709	18
17710	5723
17712	318
17719	7
17722	3
17724	127
17726	2
17729	110
17732	21763
17746	943
17748	4217
17756	22
17764	7006
17766	13
17769	43
17773	2
17774	7
17776	772467
17781	10
17785	57
17786	9102
17787	33601
17791	533
17795	490530
17798	17403
17799	1598
17803	1051
17804	637366
17807	15
17811	192
17812	16
17816	481084
17820	15
17828	3
17844	4269
17847	2
17848	236824
17851	6068
17853	6527
17858	482
17860	18917
17861	444915
17870	39291
17872	1
17877	1
17879	5486
17880	43556
17881	10154
17882	154
17887	1090
17889	13
17890	27
17893	287
17898	39751
17910	30
17915	43
17917	1034
17919	12
17928	90482
17937	34807
17941	299
17945	10
17947	335
17956	3603
17960	3
17968	20
17971	247901
17972	73
17974	24
17978	35277
17982	6
17999	9070
18000	16363
18010	39
18012	27
18015	27
18020	69696
18026	6327
18036	3512
18044	52
18045	2
18048	391870
18058	722225
18059	9
18061	2
18074	11
18079	21
18080	2
18081	5
18083	378032
18087	968489
18090	35
18092	6
18099	17
18105	127022
18115	294
18126	5447
18131	1709
18143	190
18144	1673
18157	389651
18159	4122
18164	36
18167	83
18173	119370
18177	214
18180	74948
18182	995
18188	4
18195	25
18200	9
18201	44866
18206	19485
18215	208
18220	87578
18226	122544
18227	18647
18230	307
18234	5
18239	5
18248	280
18250	163208
18253	6625
18258	24
18259	45
18260	786
18261	220727
18266	154
18273	62899
18276	170828
18277	4
18283	2050
18285	29
18290	1974
18304	1
18313	2
18320	87808
18334	2
18335	877190
18341	888
18356	12
18362	526
18371	4
18372	2004
18375	164
18377	158886
18378	5
18384	5
18389	2
18393	356
18395	1256
18396	96
18402	83
18404	1
18406	13506
18407	1
18418	18677
18420	8
18422	642
18425	3074
18428	905558
18435	10
18452	25
18456	14
18463	1843
18464	58
18467	3264
18470	153
18476	4
18477	49227
18479	12356
18490	14584
18492	71611
18496	39
18497	1
18501	5
18503	5
18508	352413
18510	18406
18513	12
18516	2
18520	64
18522	1394
18532	5810
18534	174249
18535	29
18536	151
18537	533109
18540	282
18541	21
18543	59
18557	5
18561	9
18568	169
18569	6004
18579	11
18581	8252
18584	3
18602	7383
18604	1247
18610	11
18614	29479
18618	644
18622	940
18625	10864
18626	108
18630	15540
18634	23
18635	1
18637	75
18647	305
18650	6
18652	103491
18662	7
18663	25395
18679	5112
18680	129
18681	181
18682	450
18683	57
18692	1382
18693	2
18700	71
18702	300421
18703	36
18710	4119
18711	257303
18712	1
18713	49
18714	127340
18720	12
18721	15439
18722	31
18726	21
18727	60
18731	244591
18740	205396
18745	4287
18746	55
18747	33
18749	438033
18750	48949
18752	132610
18756	39643
18759	195707
18763	2
18768	252
18776	43492
18782	2423
18783	660721
18792	4
18793	6890
18795	7578
18802	1245
18805	8
18806	7
18807	3
18817	1
18828	56711
18833	25
18834	3040
18839	188
18841	239
18843	346908
18855	41
18859	115622
18860	3127
18863	37460
18865	47511
18874	803286
18877	995
18878	36
18884	240
18888	18439
18889	329089
18893	2
18895	66041
18912	2669
18917	245
18921	474
18922	150558
18930	78317
18934	7213
18941	39
18945	1087
18950	92435
18965	2
18966	62571
18971	280
18982	229
18983	18526
18987	66
18991	11
18996	1181
18999	252
19012	1606
19013	143400
19021	44
19027	2219
19028	975644
19036	2
19039	196
19050	1095
19055	45
19058	435555
19061	18
19063	2
19065	7863
19069	198261
19076	66
19078	44
19083	649688
19088	2
19093	7666
19097	1
19098	222129
19099	1269
19102	340639
19113	1986
19116	22823
19118	505386
19120	158
19122	387
19133	120
19142	54530
19145	120
19148	43
19159	12897
19164	4746
19168	608
19169	11
19179	6048
19182	1312
19188	9818
19197	165353
19202	445967
19204	218
19205	11
19207	78127
19208	4
19227	613550
19228	647576
19229	58
19232	79809
19234	48
19247	787
19252	15
19253	2838
19255	273009
19256	33
19257	34779
19260	217
19266	3
19271	888943
19274	8
19277	48296
19282	49
19300	2832
19306	70437
19312	9959
19313	94
19315	61008
19317	14
19319	8634
19321	4382
19325	102
19330	7
19331	6809
19332	612
19333	81053
19335	18
19337	2488
19343	189
19351	136
19353	27
19367	133857
19380	3280
19390	104873
19394	992165
19399	2439
19403	12079
19408	110
19417	358768
19428	627233
19437	8
19441	10674
19445	1
19449	116
19453	62850
19459	1307
19462	107640
19463	8
19467	4149
19478	84587
19482	648919
19487	2
19488	2476
19491	2
19495	2
19507	38
19510	988751
19522	1342
19525	700
19531	4
19537	124
19552	202
19556	1180
19576	565215
19580	4
19585	1777
19589	46
19596	53719
19598	2
19601	3
19603	1005
19611	73
19618	96
19620	5
19626	421
19639	542254
19640	1375
19641	110261
19659	13
19667	8149
19674	4459
19679	106
19681	388
19683	4819
19687	122305
19689	2
19705	4997
19708	84
19712	91
19715	421
19716	21636
19721	632
19730	389
19734	457
19760	16
19764	725534
19769	21792
19772	4483
19775	41
19779	770
19786	5
19788	115467
19790	627
19795	5
19800	200
19801	27522
19802	2516
19819	574
19820	162
19825	363
19829	3576
19842	1
19844	57510
19846	174006
19859	92489
19862	27
19864	187
19872	457
19876	10401
19878	15219
19886	14183
19897	226
19907	561798
19908	31692
19909	167139
19915	116
19920	285
19928	2764
19935	389947
19937	5
19942	31
19948	253
19952	64002
19958	109
19963	267098
19969	2
19977	260871
19984	52
19990	378186
20001	9
20008	997639
20014	20342
20019	99742
20022	18096
20032	383747
20035	634
20040	119307
20041	1031
20054	4
20059	7
20061	11
20065	38
20071	1
20078	5
20082	99349
20083	15
20091	1845
20094	14
20098	2
20100	253372
20104	1
20109	162
20110	41189
20116	1680
20122	48318
20125	9776
20149	12
20155	177536
20158	1
20161	31
20190	165172
20191	278
20194	6021
20195	27
20196	72
20201	37
20203	91
20211	14
20213	350712
20218	563558
20224	22285
20230	865550
20239	712
20240	66
20246	178
20252	882555
20257	51
20268	1
20269	333988
20272	118
20273	193865
20274	59995
20278	5
20281	6073
20285	3
20288	20
20297	231710
20313	792
20319	3606
20328	8942
20334	163858
20338	1
20352	13643
20358	70714
20359	210647
20376	179943
20387	228
20388	367200
20390	95492
20391	81450
20392	215
20393	58462
20395	2260
20397	89519
20403	4
20404	857
20405	21550
20406	12
20412	139745
20421	29644
20429	9272
20437	406
20438	6
20444	8766
20453	28885
20460	4416
20467	196
20469	25076
20470	4
20473	2
20474	720
20478	3718
20487	274
20493	95
20496	827
20501	110128
20502	3
20504	215
20505	54
20507	16
20508	1731
20513	13
20517	2636
20521	347498
20523	1025
20524	4673
20525	77896
20529	5
20535	31
20538	235228
20543	1438
20551	9
20554	118
20557	40
20558	1
20559	54
20562	48
20564	31297
20568	16265
20570	8955
20571	2823
20572	526714
20574	22
20577	99
20578	678890
20586	23
20592	7649
20593	5
20598	19941
20601	104
20606	192731
20608	11
20609	161
20613	75465
20625	135
20633	10
20639	278
20648	13
20654	1564
20681	476081
20696	2298
20698	380
20702	3
20703	179988
20724	4719
20725	1825
20727	441
20730	751
20732	4
20753	1379
20756	218625
20763	2796
20764	132
20765	877
20766	493443
20768	11752
20779	4137
20780	106
20785	10
20793	6
20794	558203
20797	14
20805	23
20827	677
20833	160
20836	404
20847	3
20851	22310
20856	6324
20862	141
20865	11092
20868	33
20884	370195
20892	62
20899	4
20916	7
20923	124705
20924	2
20929	7687
20934	159901
20941	53
20949	2
20952	316
20953	44
20955	7102
20956	16
20961	2
20963	30957
20976	482395
20978	4037
20980	5
20984	118
20993	35897
20995	207
21001	46617
21008	42
21013	202
21019	1
21028	2
21032	486
21033	6
21035	499
21037	1600
21038	9
21042	19
21049	1566
21051	1448
21055	2
21056	2
21058	2098
21072	38949
21078	316514
21084	1
21089	11
21092	247961
21094	36
21103	237533
21106	1216
21113	13443
21127	9
21133	125452
21139	139734
21151	3
21153	2
21163	2
21164	63434
21168	1
21170	267
21176	12
21179	4732
21180	19742
21181	362884
21192	12756
21194	275626
21196	163
21197	32266
21216	21
21224	3811
21227	2
21233	61
21235	50982
21243	515
21249	88
21255	3068
21256	18264
21258	224120
21260	241
21262	401468
21266	5549
21268	26
21272	116001
21275	158
21276	1053
21282	145272
21283	47157
21292	186
21294	7371
21298	4859
21301	6
21309	1672
21317	1178
21319	139
21321	30878
21324	4527
21325	438
21326	351551
21332	30
21333	9
21335	71356
21338	783
21345	12
21357	50
21360	3000
21364	17
21369	19634
21372	154362
21378	5412
21386	17157
21390	4
21391	4021
21393	1673
21400	19420
21405	202
21407	6
21408	1924
21414	2139
21415	389
21420	26176
21427	2670
21428	174
21432	235
21436	146
21437	6
21442	1678
21444	55819
21459	13745
21470	17
21474	15
21477	619
21488	83
21492	200
21497	1771
21500	147735
21510	749
21515	19
21518	100825
21520	14653
21521	6
21527	667920
21529	338467
21545	7669
21546	1036
21548	13
21554	2850
21557	118
21567	448380
21575	20168
21582	1
21591	115390
21595	10
21598	43
21605	2276
21607	27
21615	788
21621	12579
21624	190982
21628	2324
21643	31
21644	10
21656	148656
21667	559
21669	131
21671	20134
21672	10319
21679	6244
21680	112
21683	7
21685	4739
21695	293
21700	2386
21704	41
21714	11
21734	152
21735	204
21736	119
21737	82
21741	131
21744	11752
21750	108635
21753	27
21755	6214
21761	29286
21763	10
21769	56449
21773	2
21774	115
21782	1
21783	147973
21808	14
21814	622845
21818	143765
21822	247303
21824	21
21835	268
21839	1
21842	38
21856	4597
21858	16877
21869	3853
21874	12641
21875	62
21877	65
21878	54973
21879	293
21882	53970
21893	304
21896	4
21897	3455
21899	22071
21901	400
21909	368403
21912	20030
21940	457
21941	5
21944	608
21951	22177
21954	42
21956	70
21959	13538
21961	2
21966	500091
21967	1695
21968	2
21971	354877
21973	34
21983	124814
21988	13
21993	31
21998	1522
22001	2815
22016	383283
22017	5283
22021	274
22023	416268
22034	354
22037	11
22039	22
22042	25424
22043	445381
22047	48966
22050	2
22055	18443
22058	7
22065	76
22069	86624
22076	582348
22078	93
22081	249091
22082	361570
22086	10
22102	194
22104	17
22106	2
22114	2078
22116	13
22118	32
22119	8
22120	59218
22126	27070
22130	2146
22131	2128
22133	41
22134	48098
22154	541848
22155	285903
22157	77212
22160	13119
22169	138607
22176	13
22177	8959
22178	236
22185	27961
22186	132
22202	98
22207	3
22222	9953
22226	26
22229	25
22239	55
22243	150
22252	11253
22253	131630
22262	11941
22266	382
22267	30447
22271	1339
22277	13
22282	2685
22287	2
22293	328385
22300	122
22308	77
22309	755025
22315	2997
22316	18507
22318	4253
22323	6
22324	7591
22332	872
22334	1
22338	103509
22341	255
22344	25
22353	912
22356	90
22364	111774
22365	1844
22369	6
22372	365230
22373	199926
22374	3
22376	235
22382	4
22383	31342
22384	89568
22394	558
22406	168
22407	2101
22409	104598
22412	91177
22416	216
22417	17
22419	7
22428	772448
22431	59667
22434	1
22437	433840
22443	14
22455	2109
22460	2
22464	21
22473	3023
22475	158
22476	1275
22479	37190
22484	21525
22485	346
22493	18
22514	227
22515	210
22520	3
22521	179
22523	5
22529	58548
22531	99
22534	9
22539	2
22540	304492
22544	14083
22553	4085
22557	365380
22559	127
22569	56510
22570	32589
22573	3710
22577	2
22582	105639
22607	906
22609	388035
22612	13
22618	23267
22628	16
22634	7
22635	31188
22640	917113
22641	108
22650	44807
22653	19402
22655	194
22657	76687
22660	82596
22661	182
22663	2
22665	11958
22671	315610
22677	1159
22679	1101
22680	14265
22692	9580
22696	5
22699	406906
22707	24024
22711	408578
22712	64351
22715	527963
22721	741
22723	120
22731	236684
22736	4
22739	2
22764	39637
22770	60
22776	696
22781	103
22783	1
22791	28851
22797	149
22803	1566
22812	24075
22824	2049
22826	828814
22834	114318
22844	1236
22846	15
22847	10791
22852	70
22856	980
22857	1101
22864	204
22866	35718
22867	4768
22869	17
22871	14
22873	342
22875	10445
22878	461
22881	299
22887	722
22890	1
22891	1
22893	1403
22894	99172
22898	295641
22904	6177
22908	46686
22910	275
22912	49
22913	67599
22919	43950
22921	100
22923	928202
22927	7
22928	24
22939	87
22943	1
22952	864284
22966	50194
22974	17
22977	317619
22978	68645
22981	773343
22983	11
22988	453
22989	42597
22991	46
22997	143196
23017	2656
23018	90
23023	99
23024	857337
23027	19949
23030	2010
23032	9
23039	6
23041	15956
23050	43
23052	6
23054	13
23062	14717
23066	9155
23070	46048
23076	539
23079	292
23082	11
23086	421
23088	1
23093	730876
23095	32
23096	3
23100	6
23101	3
23106	989968
23107	283
23110	9
23111	32
23113	160872
23122	129
23129	125
23131	316
23132	47412
23138	10
23140	30174
23152	84
23157	224890
23161	6
23167	108
23168	694458
23170	8048
23172	671
23173	2337
23177	590
23193	9264
23199	55
23203	8
23204	151
23207	331403
23208	269
23213	1148
23215	76
23217	39738
23220	9
23224	3
23226	11315
23227	19347
23231	64
23232	488
23234	12
23237	1
23238	4
23242	33
23243	13
23247	5
23248	701
23251	23
23258	147080
23262	109446
23266	483
23286	81597
23303	1379
23309	335
23311	3
23315	1506
23320	186
23323	31914
23324	572984
23329	19
23331	9832
23332	5
23334	1
23341	13
23345	2
23358	10
23359	1683
23362	39
23365	93511
23375	46759
23385	391945
23386	13673
23388	521
23398	4
23401	10
23404	15299
23405	4609
23413	130364
23414	502
23415	34
23418	18
23419	661812
23424	14
23428	32
23431	521904
23433	5188
23434	3831
23448	136653
23450	131
23452	4167
23461	11
23462	42
23472	171310
23477	44351
23482	26388
23486	9
23494	36887
23504	1145
23505	562
23506	408082
23509	799000
23510	66
23521	134
23523	21458
23524	91976
23530	43
23533	169383
23543	5635
23547	829
23548	529
23551	13144
23554	447019
23564	2132
23569	281
23571	731
23574	497
23577	347
23590	6406
23591	503942
23599	757
23600	1892
23606	3
23609	151
23613	11560
23621	14
23625	929
23628	2608
23644	11296
23647	58742
23650	3
23653	33540
23655	16145
23659	213
23660	1005
23669	21741
23670	316125
23676	10
23678	69
23679	26397
23683	1
23691	2022
23693	1134
23694	233
23695	28227
23697	46051
23707	77021
23716	40
23717	430
23721	4482
23723	2
23728	59
23734	613
23738	13
23745	7453
23746	1408
23747	23
23757	299668
23759	20410
23763	658
23776	19152
23779	23705
23784	74528
23785	8
23786	5
23789	36303
23791	91131
23793	1894
23800	79
23809	1632
23810	65
23812	100383
23813	30019
23816	77287
23829	9243
23843	1505
23845	16
23855	9130
23858	7
23860	2
23874	180661
23879	627
23880	794723
23882	6
23889	56375
23892	10
23897	6122
23902	277705
23903	61
23905	59
23911	395299
23913	25
23914	13954
23915	6843
23918	48
23922	1680
23925	915480
23936	847
23942	9932
23944	38103
23958	139
23988	496
23997	6
24006	7
24008	2
24009	59
24014	2092
24026	574
24032	16
24036	835
24037	262474
24044	20
24053	19
24054	32
24070	209
24080	6049
24085	114004
24090	49233
24098	80
24100	2
24102	43
24107	7
24113	1
24116	130
24125	8
24141	5668
24147	151
24150	34570
24153	278659
24154	21148
24169	2311
24170	3
24173	2236
24182	2
24186	5
24190	98770
24192	912
24198	12
24205	19
24207	689346
24210	2
24214	259982
24222	19159
24223	38
24226	2
24229	220
24233	6
24237	82383
24253	212
24254	113
24257	23371
24267	11697
24273	28755
24277	94067
24282	6
24284	638102
24286	736
24295	859
24298	1734
24300	31
24304	201491
24307	6489
24310	650431
24311	896829
24312	10
24315	851792
24327	276719
24335	5301
24338	27049
24349	29592
24350	9
24355	13
24357	357918
24359	26
24360	332384
24374	1
24380	1
24387	3328
24397	134128
24401	17
24406	5752
24409	1
24412	12
24413	27988
24425	50
24432	1585
24434	21
24435	4095
24438	1853
24441	120
24445	68
24460	2
24466	639
24467	1
24473	17
24475	402
24484	26
24485	57
24486	4059
24488	5738
24493	4
24501	5
24504	2
24515	7202
24517	400726
24521	193
24524	10114
24528	94
24531	8
24533	1210
24535	821298
24537	8
24542	58
24543	270
24546	22
24551	1
24565	1274
24574	31718
24576	655123
24577	2
24585	557
24586	445
24589	1510
24600	6746
24606	128442
24609	657
24611	3374
24613	1779
24629	431358
24639	5
24658	4313
24661	20
24666	29
24668	993718
24669	188
24672	12900
24676	115
24683	14384
24688	577
24691	3221
24692	4
24699	4
24703	1
24706	16551
24712	1
24713	2
24714	1
24728	2
24738	1132
24744	2961
24745	447
24757	601
24761	2
24762	11273
24764	2
24767	27036
24770	15
24783	140513
24787	258759
24792	871845
24797	10
24802	172
24804	1683
24807	33196
24811	2
24820	29
24823	425174
24829	3232
24847	29
24852	4
24862	304
24871	47940
24877	1066
24887	49597
24897	1379
24898	1781
24899	17
24905	12
24924	1310
24929	21329
24940	117
24942	5
24943	70145
24944	15
24948	9
24951	53
24955	360017
24956	160
24960	4
24968	371406
24972	368622
24982	237
24983	320860
24993	81
24994	9729
24998	3
25002	182453
25005	173
25021	336706
25022	6893
25026	318273
25030	40
25042	29773
25047	11329
25053	2
25055	5
25058	5122
25082	16517
25083	1
25089	14
25090	17122
25098	9436
25099	3191
25117	408
25121	1624
25125	22827
25127	89
25131	151561
25133	312729
25138	160076
25141	32
25150	41304
25152	342699
25164	59081
25169	2067
25171	6638
25172	14669
25174	173229
25177	681
25185	55656
25198	508330
25205	290209
25209	22999
25212	1909
25216	184296
25234	284
25244	13176
25248	29
25249	5
25250	2247
25252	127424
25254	12888
25264	5
25265	336809
25269	184559
25272	798877
25275	159378
25279	260835
25280	32
25285	975805
25288	674415
25290	582980
25291	369
25293	4
25303	394703
25304	1425
25306	36967
25311	5
25318	101
25331	699
25334	43760
25336	1
25340	61410
25350	327020
25353	2
25357	516518
25358	5
25361	517
25363	279
25366	91
25369	144
25370	751004
25374	52174
25379	6
25381	2552
25382	218026
25384	180
25395	24667
25401	1
25415	1448
25419	26159
25420	12
25422	109772
25426	17157
25427	178672
25429	626471
25434	3
25436	42543
25443	509
25445	166487
25446	259554
25455	7
25457	11
25458	566500
25470	158
25478	82921
25479	242
25484	716172
25488	861659
25492	393
25503	4018
25508	99
25516	98
25521	37078
25525	26
25528	58302
25536	91
25545	154
25546	1705
25550	15277
25553	51
25554	210145
25567	218934
25574	30
25578	1
25585	233
25593	112424
25598	145
25607	1443
25611	410
25615	367979
25621	217
25622	1
25625	783589
25626	5
25633	114
25636	463
25640	96866
25643	503
25645	60
25646	3
25652	9
25657	1142
25666	300
25669	298
25674	130
25678	11667
25700	10
25707	2
25710	4
25719	195
25726	1574
25730	2
25734	38550
25743	15
25745	7
25748	927304
25751	91442
25758	13
25759	116
25769	85
25771	3467
25777	57068
25785	10423
25790	14141
25792	68
25795	120822
25796	13
25803	1088
25806	750980
25814	58483
25817	65
25820	2069
25828	2
25831	6
25839	10
25842	541
25843	717
25845	5463
25848	508
25857	229
25858	2910
25859	508097
25861	123170
25863	809
25867	203
25870	606400
25888	3496
25889	197514
25891	81
25893	800
25903	351902
25908	145173
25914	6251
25918	72
25921	1
25931	8951
25935	88
25936	1
25940	12788
25941	173
25945	508766
25946	188548
25947	4
25949	498
25965	1943
25972	43122
25976	13183
25978	165924
25979	104908
25982	764
25986	23829
25995	60
26000	279265
26006	507
26010	1130
26014	951682
26019	5
26022	60
26026	6792
26033	77810
26034	35460
26036	8379
26038	25624
26044	10
26045	11534
26050	179
26056	1140
26058	122167
26064	22
26071	3
26072	233
26076	421
26079	83423
26080	146504
26084	2
26086	17837
26090	8565
26091	2
26106	685
26108	465
26114	1005
26115	1908
26121	5339
26126	11
26133	71
26141	279
26151	21375
26167	48
26182	141497
26185	502502
26190	83
26193	1289
26201	451577
26203	265210
26205	51
26209	330
26212	82129
26216	33663
26217	60770
26219	30332
26220	84
26221	17
26225	68
26231	6
26232	9
26234	595115
26243	10700
26248	65
26268	1161
26271	558908
26290	27
26292	3154
26293	580
26295	330
26313	821421
26317	709463
26325	865258
26326	1
26332	1567
26336	7564
26339	4711
26340	17
26341	2
26343	388211
26344	31
26359	3
26369	4986
26370	5239
26374	137
26375	700772
26388	631312
26393	148
26396	2
26405	61547
26407	46013
26418	6283
26421	12
26424	637
26433	616
26435	1
26446	878
26448	1124
26449	519293
26454	18937
26455	25
26461	10465
26464	2377
26491	2601
26496	6068
26501	301480
26503	9229
26504	12
26515	77134
26517	150
26519	626
26535	2
26536	21
26538	1116
26540	5
26545	18197
26549	1
26552	28
26556	114
26572	2
26579	36
26588	44
26602	27
26609	314444
26611	2
26615	5738
26617	1
26618	48
26622	2669
26628	289
26645	1014
26656	218984
26657	5
26663	123336
26669	75762
26671	43
26672	63003
26678	13965
26688	2747
26690	1
26693	88
26706	5
26707	11137
26716	575165
26717	2012
26729	181
26732	13
26735	260506
26736	223408
26739	97
26746	78702
26749	6437
26759	28069
26767	238
26777	147947
26778	2
26781	40
26785	54716
26798	662
26799	1350
26812	70231
26816	2
26817	9
26822	26425
26823	42
26831	5752
26840	90
26841	141527
26844	2386
26855	138310
26861	310
26862	2
26866	38
26867	278
26868	23958
26870	62
26877	316260
26878	102545
26880	310
26882	1276
26885	4381
26893	15
26897	41
26905	23605
26906	7164
26912	3
26928	17121
26942	6
26948	366093
26955	113
26980	889
26981	105687
26989	1126
26995	22783
27008	4524
27010	86803
27031	118650
27038	285
27040	168
27041	5
27051	32692
27052	94880
27053	239587
27066	645902
27068	3
27069	2
27077	13
27081	268
27099	877
27111	7903
27112	251
27117	11244
27118	2949
27122	8
27129	13
27130	17963
27131	7097
27133	2
27140	103
27141	282480
27155	7128
27165	338419
27166	132
27171	2
27185	425
27192	22
27195	29
27201	1
27205	853
27207	40113
27208	260
27210	73405
27215	59
27216	8
27218	5
27219	276262
27223	27
27226	38
27232	125418
27238	672861
27239	581
27240	185
27243	892084
27251	2379
27267	204
27269	726545
27277	10
27284	7
27287	2540
27289	147
27303	2
27310	31095
27312	1883
27313	876412
27317	95
27318	323
27332	276695
27336	261
27343	612
27349	427771
27353	12
27356	17952
27357	2
27358	134
27361	180
27371	399271
27375	18
27382	280
27383	66
27387	974436
27390	773428
27408	318
27410	61457
27412	55
27420	12765
27430	16037
27439	9
27447	551
27450	243809
27453	806348
27458	374
27462	1504
27466	3
27472	193456
27478	34
27481	28932
27485	5
27487	157858
27493	1
27494	173806
27500	1
27501	2
27505	122
27507	353
27513	1
27514	3350
27521	254
27527	300
27533	127
27540	371582
27541	503658
27549	124691
27551	27
27558	14662
27559	379957
27562	150
27567	8987
27574	109891
27582	46815
27587	23408
27592	292
27611	523902
27614	121419
27628	11150
27643	28789
27645	182
27651	896509
27658	65
27663	60
27664	230
27666	5
27669	470
27672	70855
27673	468520
27677	28437
27680	2
27685	12
27688	178040
27689	104100
27690	86105
27695	1428
27696	3
27699	280983
27700	3
27704	39312
27710	43
27717	48778
27720	926999
27722	1096
27730	440
27731	5
27732	204628
27733	35
27735	2
27736	394
27747	15
27756	19
27757	1
27768	788753
27769	3
27770	3
27772	3
27781	183654
27782	11
27787	166
27808	200
27811	4
27813	964096
27821	47
27825	20384
27829	226
27834	36
27835	16
27837	4499
27843	15558
27845	19
27848	215102
27857	9003
27867	48
27875	1
27877	421782
27878	4
27896	14872
27908	26901
27910	3782
27918	841
27929	117291
27934	2
27943	35
27945	23479
27948	66205
27952	161
27957	2
27963	2
27971	34839
27972	25250
27981	1296
27985	70570
27987	3
27991	1527
27993	201860
27994	4609
28001	285
28009	54
28011	162884
28014	6
28018	2635
28037	22958
28038	322611
28043	418854
28047	4
28049	18570
28051	9
28059	153499
28060	12
28061	6548
28063	5
28068	48
28075	678212
28086	1363
28088	5
28094	64030
28101	83
28102	62
28103	173
28104	2
28112	2006
28124	423
28126	13203
28127	272
28129	225
28133	895
28134	30
28136	161
28139	1569
28162	4382
28163	16843
28164	445
28165	14
28178	2891
28180	51
28183	5803
28195	28
28209	364381
28213	30839
28217	8
28220	777
28226	137986
28235	1
28236	526
28243	2180
28249	11
28260	177866
28263	37
28264	3657
28267	19949
28289	50478
28298	512924
28301	5
28310	54
28311	36
28316	127419
28320	737
28323	15
28325	407
28328	1954
28333	10345
28334	4774
28336	5
28339	7776
28340	9422
28346	22
28348	31
28358	15
28362	253
28370	9884
28372	9353
28376	868
28386	9
28387	52
28395	61528
28396	995
28397	16
28398	2
28399	4
28409	227535
28414	46
28417	37220
28418	91
28420	327
28421	20270
28425	212
28434	1139
28439	18
28440	3267
28444	13359
28445	1010
28450	2518
28452	2
28454	911057
28464	2
28480	264
28496	12424
28501	6257
28504	18260
28511	5760
28518	2
28533	493
28534	894
28540	15708
28544	9
28554	49
28555	5
28560	44
28561	1305
28564	2
28567	115846
28568	1
28580	543556
28582	16
28583	107
28584	221723
28585	87461
28594	17814
28609	49731
28612	34285
28620	6250
28628	1919
28632	32
28633	4
28634	68
28636	55665
28648	434
28652	6164
28657	66
28668	35697
28669	321
28670	10
28674	19
28681	296633
28683	211030
28685	716
28691	13
28695	1
28697	19
28698	17
28701	7
28702	407335
28709	394
28725	8399
28733	637
28735	481
28736	3182
28740	6
28744	312
28750	90712
28752	10
28756	9895
28759	589731
28760	40558
28761	13840
28762	91
28763	10
28767	1256
28777	6
28780	285303
28781	34
28784	150304
28788	104015
28791	4100
28803	32
28806	30786
28811	1
28814	139
28816	2726
28819	712176
28823	137
28835	833
28838	105382
28842	893569
28844	78938
28848	146
28849	1248
28850	109603
28851	22230
28852	692830
28860	45
28869	6
28870	2900
28873	567415
28875	25686
28878	104
28879	3423
28887	666383
28891	300
28892	4706
28893	936471
28896	112
28908	100
28923	129486
28928	19260
28938	9523
28943	97
28944	1
28956	10
28957	43
28963	1173
28966	40544
28970	3776
28971	36783
28972	63704
28973	182296
28979	140262
28982	315
28997	17422
29000	318
29004	1
29005	401538
29020	583308
29022	234
29024	3
29033	30
29035	7
29036	1523
29039	16
29049	5
29058	19410
29060	46494
29070	20
29073	26982
29075	1110
29079	78
29080	5
29086	10607
29090	3
29091	104591
29106	168
29109	159941
29110	730
29114	2
29130	28
29140	208369
29149	50
29152	1
29156	1987
29158	188837
29159	459096
29162	555
29165	1311
29169	1
29173	1390
29176	8145
29178	1
29179	115963
29199	176
29203	1321
29204	52396
29215	650
29216	2442
29217	36659
29224	16
29225	552868
29228	769692
29230	191075
29242	142393
29246	366631
29247	146
29248	5
29249	422893
29250	114542
29255	129
29264	165375
29265	599662
29270	1
29272	186677
29274	21
29275	19935
29278	6319
29280	16405
29297	149
29313	14
29314	27779
29318	1093
29320	2
29323	3
29341	60
29346	424
29350	3
29357	4536
29361	75
29365	4
29367	6
29368	1613
29373	61121
29381	12
29383	10
29384	180
29385	36
29386	109
29387	68
29390	247
29391	14340
29393	18678
29399	15
29416	1626
29418	1
29425	127
29426	6071
29428	4
29429	46
29430	587
29441	813900
29445	126
29452	1
29453	316700
29455	1
29461	67085
29463	13906
29466	95425
29473	1045
29491	1411
29492	589
29494	28
29496	54930
29497	445586
29502	4161
29510	679688
29511	3897
29512	1186
29513	2
29532	185
29539	2
29543	10018
29545	208383
29549	4
29555	4
29562	580
29571	487546
29573	2
29581	2
29583	101
29586	5669
29590	861
29595	256335
29604	5
29606	159332
29607	100
29610	77603
29615	1
29616	158
29617	197
29618	1
29620	2
29625	27519
29626	2
29630	41
29635	554
29648	4306
29655	50397
29656	160482
29660	780236
29663	1051
29669	309
29672	2932
29676	254292
29680	60
29682	1170
29685	4679
29689	2972
29697	25702
29702	4421
29704	724850
29709	18596
29710	563491
29712	26
29716	1014
29717	1
29724	3156
29731	55
29733	66
29736	3492
29738	3
29741	3355
29742	1953
29744	4
29745	2
29751	156
29763	35903
29764	14
29765	774
29769	1126
29774	5359
29775	17321
29787	164
29814	251
29827	28
29830	3
29836	684
29847	14690
29853	910986
29857	63925
29862	1899
29865	15
29866	17
29867	4
29868	8283
29869	10872
29871	106
29877	8
29879	47092
29883	38212
29885	11
29888	13
29905	1949
29922	339694
29927	495190
29931	3844
29934	358
29935	20109
29939	1
29952	218996
29955	9611
29956	107
29959	7
29965	539
29969	217967
29975	17183
29976	133048
29979	558
29986	367
29989	216815
29992	37586
29996	83
29997	4097
30006	253926
30020	392
30025	259057
30027	73800
30028	67815
30035	26
30038	136961
30041	129
30043	173884
30053	286760
30066	115
30074	44928
30081	187
30089	605
30095	3
30100	6
30107	29718
30108	10
30109	112
30112	126
30117	195064
30119	7485
30121	22
30124	44
30129	40216
30130	13
30134	44890
30137	104833
30138	227218
30143	416961
30145	45
30149	331377
30157	121727
30174	22
30181	219165
30183	44
30184	13726
30187	3278
30201	62918
30210	2
30216	2099
30220	3
30221	377203
30239	2141
30240	666
30245	57
30246	687
30247	82
30250	18
30253	628486
30255	84
30267	40
30268	497
30269	3
30271	11
30276	6
30280	6394
30281	91
30282	3
30284	7010
30286	2
30292	268
30294	23228
30301	91963
30308	12108
30311	686
30319	17
30320	82
30329	55
30331	49
30332	2
30339	846927
30340	145850
30343	65
30348	138
30350	8192
30353	6
30358	8318
30368	27011
30369	7798
30370	1186
30371	9
30373	459
30377	3612
30379	46690
30380	29
30381	2458
30386	7
30392	572924
30396	2
30397	61946
30402	37
30404	306
30405	19122
30410	18
30412	422
30416	19151
30421	7655
30425	4
30426	2
30429	46
30443	3
30448	82
30455	53
30461	744215
30462	1
30463	1153
30466	140
30467	20610
30469	45638
30471	2
30474	83370
30483	57117
30491	108385
30494	346
30495	397032
30503	377
30506	1
30507	457
30521	7288
30526	1683
30540	19255
30549	170
30556	43738
30561	339
30570	153383
30582	132
30587	12670
30589	1890
30592	2
30598	4
30615	12
30619	10073
30622	55856
30624	58
30626	4
30627	21
30629	1
30636	1
30637	12
30639	3058
30642	1185
30649	138
30675	177034
30678	138293
30679	49
30680	3120
30682	8
30684	54
30688	6
30690	270
30695	30137
30705	26188
30722	293230
30723	128765
30734	3050
30743	3680
30744	15
30752	1137
30758	8367
30761	2667
30778	19138
30785	23822
30786	15
30789	6
30795	234
30797	27
30798	181
30799	2693
30803	4650
30807	324
30830	493714
30831	271196
30836	98
30843	283684
30844	377348
30848	5838
30860	12830
30866	42
30867	521
30877	7559
30883	535442
30884	12
30886	47
30889	9523
30890	417
30897	13
30898	11
30900	6
30903	541
30904	545
30908	48584
30914	8
30919	4765
30923	5752
30926	748
30939	9
30946	515
30954	105
30964	358
30971	1
30978	616
30984	9263
30993	667
31005	1405
31006	168185
31007	25925
31016	340247
31024	123
31030	6036
31031	37
31035	51
31037	1096
31043	1
31045	4
31053	3694
31070	19
31077	101253
31081	235615
31083	2660
31084	2298
31086	7
31093	3
31097	7
31099	2712
31100	83
31111	3894
31113	2438
31126	23847
31129	2033
31130	30
31147	348589
31151	454418
31163	1
31164	220519
31166	207010
31173	3
31188	100
31189	182
31194	4225
31202	877919
31206	207171
31210	25389
31213	68
31214	36
31219	215603
31227	14634
31230	54
31233	2662
31248	11118
31251	27121
31262	947045
31264	370632
31265	1
31266	4
31267	4694
31275	335564
31284	16
31290	1030
31299	21847
31301	242897
31302	101067
31303	44456
31304	26
31305	18
31308	3686
31314	6655
31330	63024
31333	3
31335	12
31336	201562
31344	17
31358	594
31363	5
31366	532359
31377	5709
31378	842
31382	5868
31384	286
31385	60
31389	1143
31399	116627
31405	1
31414	5465
31415	9353
31424	10031
31429	8
31440	39482
31445	7
31448	705829
31451	153513
31452	11523
31454	7030
31456	3
31461	9858
31466	368824
31471	1
31472	22
31475	14982
31480	868
31481	7650
31485	7
31487	15
31489	224124
31492	135
31495	707535
31498	87205
31501	547315
31505	125
31506	14909
31515	13
31525	359738
31530	4
31532	16
31533	5
31543	87886
31550	431
31552	183
31553	192216
31556	41
31561	14678
31563	167046
31572	417293
31577	37
31578	479284
31590	3750
31591	23339
31593	20212
31599	2739
31607	8
31616	1908
31618	1997
31623	327403
31644	12
31645	17180
31647	3
31660	2045
31670	23908
31672	28731
31673	14
31674	361
31687	621
31695	1451
31701	54
31703	9436
31705	2446
31733	40458
31737	209255
31743	263
31748	88734
31754	23013
31775	234
31786	49
31787	49
31790	84
31802	8298
31803	135
31804	22
31810	3381
31820	808
31822	439997
31823	3
31826	292882
31838	10333
31847	1
31848	7459
31854	38
31858	12
31871	1151
31880	2498
31889	6829
31910	99659
31914	8382
31915	167
31932	6575
31940	4447
31945	1
31946	56
31948	116
31950	3794
31952	13494
31957	1089
31960	2
31961	31
31964	13639
31972	9
31975	13185
31981	7273
31983	423242
31984	58777
31993	52539
31997	142000
31999	3935
32006	472
32009	315
32013	6329
32023	378
32027	87272
32029	609
32034	16
32039	90945
32044	109856
32063	39
32072	30
32073	21499
32075	15
32082	1
32083	16
32089	172
32090	5
32097	1
32099	77243
32100	2
32121	736
32122	102908
32128	443935
32132	51106
32144	299
32149	378198
32154	469123
32156	570504
32159	14
32167	56222
32172	971
32188	7
32189	19190
32211	1226
32215	588235
32216	528
32225	868
32233	833354
32236	383
32241	89
32244	4039
32247	25475
32251	174
32253	66441
32255	751777
32257	1739
32267	426041
32269	3
32271	27
32276	51231
32279	18
32280	2090
32286	96784
32289	88
32291	69
32300	3
32320	6
32330	492
32334	78
32340	39121
32341	3
32342	3
32343	22
32344	9
32351	1278
32354	14
32357	182
32362	272005
32370	61537
32371	3705
32373	25345
32376	11
32381	422
32391	154445
32395	1
32397	435538
32410	85964
32411	411481
32412	6
32418	6
32420	6
32421	1
32424	165
32426	96856
32430	894
32434	120716
32437	85433
32441	16
32444	24
32445	643516
32456	1147
32458	53
32462	14917
32464	48539
32469	679
32470	2871
32474	194
32477	142061
32483	86
32490	561
32491	2
32494	403
32497	30
32502	2030
32509	419887
32514	51
32525	111
32528	14871
32536	186
32538	4
32540	24815
32542	16706
32546	135916
32547	21
32548	92
32549	50
32551	57697
32553	271311
32562	482781
32565	47
32573	607917
32590	659034
32594	23
32599	530139
32600	99402
32602	696
32604	42781
32605	25
32607	77654
32616	7074
32623	3
32628	149164
32633	56669
32638	277
32655	6
32656	316
32658	10
32659	17662
32662	377
32663	2
32664	33
32665	113626
32674	82
32678	1335
32680	2
32687	96861
32699	2
32707	2
32708	7
32734	18490
32738	557
32746	4968
32756	178
32758	34
32759	30528
32761	2245
32764	52
32767	31
32777	210974
32778	18
32781	436
32792	232
32801	267224
32803	26927
32809	101
32814	39409
32826	65092
32831	218
32833	5
32834	18
32840	18598
32851	4
32861	45
32862	64427
32865	11
32869	37040
32874	43446
32879	6827
32883	153
32894	208952
32895	188
32905	2
32912	58693
32917	24505
32921	15315
32922	39514
32923	37
32925	433
32933	7364
32935	3038
32941	486
32943	3
32946	9522
32951	3372
32962	23211
32976	535959
32978	7
32980	5516
32985	316
32990	32
32991	828
33000	15
33002	22
33005	505820
33006	7
33007	458
33026	5
33028	7
33034	72
33035	8915
33040	102
33044	308232
33045	10676
33049	91
33051	8
33055	234
33062	3
33063	21743
33070	728
33071	5
33075	9
33086	943
33088	40
33097	1
33109	14886
33113	1663
33117	4840
33118	306
33122	560
33126	150517
33130	14
33133	6
33135	272
33140	7814
33150	35607
33154	4709
33157	426
33158	6
33161	5793
33170	5941
33213	5
33220	1
33225	412
33227	166921
33230	6242
33231	39223
33232	247
33243	102
33254	17194
33271	109
33277	117721
33282	747
33291	55754
33311	24
33317	2
33344	228
33349	45
33353	1123
33355	4644
33357	2
33359	81867
33362	2840
33365	1203
33374	20
33378	2
33382	794
33385	10
33399	14
33406	178
33408	6233
33420	1
33421	4933
33422	15622
33426	194
33428	2641
33435	501
33439	356
33444	25854
33448	5625
33455	2830
33456	1068
33457	13886
33460	2
33467	2
33469	804959
33470	4050
33472	42015
33478	21
33483	8347
33484	3
33491	99
33500	697
33501	645
33502	36
33504	8
33508	3
33516	219
33521	2
33522	15
33527	6
33534	12746
33537	4
33551	29606
33555	2084
33556	2820
33561	75
33575	36
33582	2185
33583	26
33600	16
33602	8
33611	19347
33612	103
33617	62767
33618	435249
33619	7
33620	226041
33624	2239
33630	3
33642	436
33646	3273
33657	2277
33660	11289
33662	5
33667	530
33669	466
33675	647
33676	11
33678	376788
33681	28
33683	18
33689	270
33690	8
33693	4
33694	923
33708	7
33711	1116
33713	12090
33716	18
33717	30398
33719	103
33720	8035
33729	3543
33730	4
33733	1
33734	13
33748	7
33751	122
33754	2
33761	25
33764	21
33768	439508
33774	48213
33780	632
33783	318
33786	35087
33789	52291
33792	2
33807	178173
33810	4
33818	2
33833	47
33834	15
33844	22622
33847	3
33852	2
33863	6
33864	113
33869	7
33871	6606
33872	204526
33874	1639
33881	37
33882	13
33887	209600
33894	7213
33907	22095
33912	318493
33913	319
33914	225
33922	142375
33925	147639
33937	12
33939	151
33944	389741
33945	2240
33955	5
33959	157
33966	101953
33967	196581
33973	21
33988	66
33993	1186
33996	17
33999	6744
34000	2163
34003	1196
34008	95543
34020	480
34022	6
34025	860452
34029	18
34030	7
34033	55557
34038	7081
34042	3
34043	5712
34045	54
34046	8260
34052	25
34055	3087
34056	62
34059	447
34065	7932
34071	520
34076	23427
34077	34
34082	26353
34090	10
34101	3398
34104	823984
34107	397
34109	425471
34116	21919
34119	973196
34122	45
34126	423342
34127	55940
34128	3440
34130	18
34139	57
34142	15110
34165	5237
34173	763599
34176	66
34188	143438
34198	212085
34199	120377
34200	152848
34201	3
34207	5
34212	35715
34228	2
34230	1748
34233	171
34234	407
34235	320839
34240	64
34247	23468
34250	61
34254	6
34263	2
34284	7
34289	20
34298	116
34306	662
34308	11
34310	3058
34311	1454
34319	93440
34324	2
34326	1094
34327	22169
34328	143
34352	521877
34354	36620
34355	1251
34360	23
34364	189
34365	74
34377	3644
34382	6608
34401	534904
34417	16811
34418	24322
34425	6
34428	1155
34429	143
34432	922
34435	3533
34436	53413
34439	9
34444	4
34445	1445
34452	5384
34454	1
34455	80
34462	10
34465	29637
34467	562640
34469	106265
34470	41
34478	235145
34484	102976
34486	3084
34487	124
34490	6215
34491	1812
34498	506
34499	117070
34504	131198
34510	9
34513	29474
34516	38
34517	55
34521	419696
34526	474772
34530	9
34536	190
34537	44
34540	520
34547	22
34549	859
34552	1367
34557	211
34572	162
34586	54
34587	369069
34588	95208
34595	458695
34598	1
34600	85
34604	59122
34605	2323
34607	131
34616	49405
34617	19
34629	11397
34635	6
34642	514
34644	340484
34645	3515
34646	2
34652	426
34656	8
34659	16
34661	10
34668	6
34685	3
34692	1036
34693	24
34695	1258
34700	17
34708	59493
34710	6694
34713	92154
34718	15284
34720	231655
34740	28
34743	1
34754	658
34758	202
34760	410
34770	8660
34778	1299
34788	236920
34790	105320
34792	4719
34797	7
34800	56090
34803	747308
34807	3
34811	74470
34813	15
34832	97
34843	2
34858	27087
34862	326782
34863	1
34864	203
34867	4879
34874	82
34884	52
34896	1
34898	236
34900	227149
34910	64399
34913	5
34917	2262
34919	665
34921	62846
34927	7
34930	163
34932	2
34936	12541
34941	11371
34944	14224
34946	636
34950	105261
34958	20847
34959	367610
34984	2
34988	2084
34989	120
34991	300
34998	313
35002	30458
35008	30691
35012	12
35023	250508
35033	659574
35035	1
35036	4
35037	65
35038	1453
35052	5
35056	145709
35059	2
35066	35132
35068	2076
35072	938096
35076	8199
35080	45355
35082	12
35084	7
35090	504
35092	54244
35093	3068
35095	2
35097	3
35103	79
35104	4
35109	687
35112	7776
35130	28316
35138	12256
35141	32429
35149	304916
35155	10
35158	653431
35159	3
35161	15
35162	9
35172	8
35173	58
35174	136859
35179	5807
35193	27083
35202	2
35221	52943
35223	3
35226	88
35239	321047
35244	217
35251	5320
35260	13
35263	28
35269	10161
35271	11801
35274	2
35280	13176
35283	4
35293	31530
35300	15
35306	4382
35307	8
35308	23411
35309	12
35311	1
35313	1235
35314	528094
35322	27
35324	212
35325	4908
35331	22
35334	1984
35343	175
35345	61096
35353	542340
35359	14
35360	2
35362	2
35365	1
35379	907758
35387	144211
35392	10455
35393	3010
35396	872202
35400	216
35404	2986
35407	24916
35410	158
35417	308399
35424	2
35426	314
35431	8
35435	805
35436	302
35440	29393
35443	799
35455	4
35460	4
35463	6461
35467	270
35478	1513
35480	499
35482	702178
35483	7060
35485	1736
35491	3
35494	6
35505	4
35509	1
35510	8
35515	3
35520	5
35521	4090
35524	723431
35529	3306
35536	201
35540	1359
35547	2
35549	1379
35558	44165
35573	24
35575	3
35577	276
35580	88974
35581	6121
35582	533
35583	7898
35588	2150
35589	1
35593	10
35605	233524
35606	648
35608	2
35618	2651
35619	18960
35620	163
35628	407
35630	354911
35633	7
35638	13064
35650	96665
35651	24
35652	12
35666	53390
35672	25
35675	197965
35676	3
35677	13202
35678	79352
35695	67159
35701	396
35710	7344
35713	11749
35733	1364
35742	9734
35751	26
35755	89704
35760	19335
35761	6568
35763	23749
35768	54
35770	4886
35776	38
35779	3
35780	49489
35786	160003
35796	1
35800	1
35803	82
35808	119124
35809	126
35819	75
35820	909415
35822	3
35825	662103
35826	37703
35827	63699
35830	177
35833	108101
35835	15314
35848	568747
35851	1
35855	7
35864	3
35865	67
35867	317
35877	387596
35885	341908
35892	17
35898	342473
35901	74240
35903	5994
35904	28831
35923	477264
35924	4161
35926	58
35930	88
35938	716901
35940	175345
35942	6766
35943	1379
35945	301
35949	31
35963	8682
35967	293
35972	501879
35973	3975
35974	56997
35986	232
35988	545762
35989	1034
35990	6
35996	3
35998	2282
36002	137
36003	351077
36004	359
36016	16
36017	3882
36019	5432
36020	30202
36023	142656
36032	36
36038	5
36049	151
36053	20867
36054	206176
36055	76
36056	4056
36058	3
36063	32820
36064	12
36065	122
36068	23432
36071	686404
36079	14875
36085	23983
36087	2
36094	14
36103	449925
36104	909375
36106	3
36109	186
36117	7
36122	9
36127	63713
36129	215
36130	5
36131	185
36138	445
36140	3
36142	1
36143	60738
36148	709032
36156	21
36157	139
36162	611
36171	4123
36174	3
36186	188
36196	463
36206	3
36208	5
36213	6361
36216	500
36228	14172
36244	734
36251	1003
36255	232952
36256	120315
36276	1
36279	8082
36281	168751
36283	55934
36289	90
36292	11907
36293	6215
36297	88712
36307	10664
36314	53
36319	135795
36323	9576
36324	121590
36328	125513
36332	11716
36337	8
36338	94990
36348	13268
36353	72164
36359	3042
36370	46
36371	9
36375	28255
36384	462
36395	142671
36400	5
36403	34
36405	2181
36410	9
36412	17
36417	1
36420	158
36424	29
36430	28685
36431	4
36433	967837
36439	67064
36440	37133
36447	821
36448	3556
36452	14228
36455	322335
36456	61247
36458	407834
36463	41
36464	402
36467	83
36477	79794
36479	81
36481	23904
36485	1
36486	56
36500	16
36506	57388
36514	559
36517	26
36518	701143
36519	2347
36534	2
36555	32
36560	16
36562	880702
36563	13339
36580	7
36590	37
36599	15
36602	67
36610	9460
36613	9
36616	50
36617	1
36620	91850
36622	88
36623	252
36631	17042
36633	689
36635	440789
36636	13
36637	1318
36638	28634
36641	8
36643	285065
36645	77
36662	6039
36667	306
36668	166
36677	14
36683	14
36703	2
36711	449
36712	3
36720	111
36733	113
36738	212
36752	25926
36754	22
36755	32040
36757	486
36759	246852
36762	6321
36766	266258
36780	2
36786	21834
36790	281
36796	32639
36804	197987
36815	11
36818	62073
36825	70
36839	805
36852	2203
36856	3
36861	251
36866	75
36869	4
36878	4682
36880	99656
36888	6
36913	128675
36921	67395
36922	12613
36927	4
36940	363
36941	227
36942	4
36954	1
36957	1314
36959	3
36960	3
36969	123087
36974	502158
36984	4
37000	1517
37004	333
37006	116514
37012	1
37019	1462
37023	23821
37026	222051
37028	14
37029	259485
37036	33
37041	56463
37047	199
37048	12
37049	74307
37054	43398
37055	79
37060	9
37069	264942
37080	848
37086	957
37087	1952
37088	66
37089	6795
37091	398409
37103	1314
37107	95010
37110	155093
37119	488436
37128	184
37134	171721
37135	3839
37136	397990
37139	10561
37140	1746
37148	16
37150	366
37157	315057
37158	68659
37160	16171
37174	5014
37178	26
37182	178086
37189	33869
37190	161
37191	1529
37199	1102
37210	1167
37213	7
37224	21931
37226	16086
37229	2215
37232	1
37233	1874
37240	267516
37243	1225
37253	12666
37261	1182
37265	196983
37271	199
37275	3
37278	377
37289	7819
37291	243
37295	363
37298	18132
37301	2
37306	141
37308	43880
37309	1006
37316	29954
37344	5
37350	3
37358	6
37359	55763
37360	686332
37368	916
37370	192
37371	3
37373	6863
37381	1
37388	103
37390	2
37394	816472
37397	123
37404	645747
37411	29
37421	3
37427	1517
37430	210
37433	210201
37442	541980
37456	1044
37457	4
37468	48
37474	662596
37476	2
37477	4
37479	67
37480	3576
37487	1458
37494	84344
37495	232
37498	234969
37502	16461
37506	38228
37511	92
37512	5
37519	39073
37520	6
37524	91
37532	5
37534	737568
37535	716
37546	49
37550	74321
37553	1
37555	36435
37558	5030
37564	521
37566	9
37570	18
37577	1741
37580	349
37583	322
37586	74380
37587	150
37588	1
37592	271
37597	88478
37630	19
37632	322
37635	245787
37638	45
37640	284
37642	1
37647	21
37661	33568
37680	69
37681	26
37689	172
37693	2
37715	53
37717	46841
37723	104310
37725	86
37727	205
37730	36566
37740	7
37743	146505
37744	4
37749	483
37758	508
37761	6958
37777	19756
37779	940
37781	8
37788	111779
37804	12983
37809	171298
37818	1820
37821	35718
37824	810710
37827	589
37829	25
37834	834
37837	2
37840	44405
37849	1206
37852	2
37853	1410
37856	6311
37857	8
37867	183481
37871	103982
37876	1194
37883	830380
37896	96
37903	398715
37913	140949
37917	3
37922	3229
37926	35
37933	1987
37941	2458
37943	4
37949	15
37953	1199
37955	55479
37959	62
37961	7483
37964	7
37970	2
37973	69882
37979	2196
37982	2
37985	3
37986	31
37991	75
37995	3
38005	5490
38011	881
38015	36620
38024	32637
38033	524271
38043	4
38048	31229
38056	12938
38057	5
38062	45085
38075	914
38081	21212
38087	10826
38089	359877
38091	3054
38096	3
38098	22
38099	25733
38102	3
38103	3
38116	5
38121	979
38124	55
38134	1
38142	23
38145	24307
38147	240
38150	335966
38155	5783
38156	37850
38158	3
38159	5441
38179	12
38188	615
38189	811470
38202	1852
38215	748
38216	102
38233	726
38236	6
38257	8761
38262	15014
38266	130070
38268	23533
38275	76922
38279	20
38282	517
38283	745035
38290	1583
38294	6698
38295	23
38301	7
38302	24
38310	1721
38325	134756
38328	45046
38335	20525
38338	62269
38342	44296
38347	855
38355	27
38357	2238
38369	226874
38371	6
38374	3
38378	4
38379	1799
38383	4
38388	4383
38395	44
38404	504699
38405	5
38412	4
38415	1616
38420	11
38423	13393
38425	254
38442	2921
38456	171341
38461	396
38469	60
38472	5710
38478	254784
38483	90829
38484	799
38488	20
38493	10697
38495	381975
38504	1
38506	1094
38517	336344
38535	2930
38536	595502
38542	211
38546	39881
38559	52
38566	3
38571	36
38572	44611
38573	11
38574	10
38586	45317
38587	15999
38588	82753
38590	6
38597	5121
38598	120038
38599	1
38602	18
38604	159074
38610	144312
38613	571434
38615	123
38622	1
38623	72913
38631	196
38635	46738
38642	57
38645	42849
38650	149142
38663	3120
38674	2205
38675	250
38678	28
38680	1
38681	141223
38689	630
38690	9
38701	69839
38705	557426
38707	12
38714	104877
38716	129162
38729	56
38732	11396
38748	593
38763	718
38770	9520
38780	666088
38788	14
38805	650609
38811	9109
38823	870
38826	47
38834	230537
38849	12821
38855	65
38859	16757
38866	2218
38872	1196
38875	24
38878	23579
38888	181
38893	4646
38904	456
38905	376603
38907	275492
38908	2596
38915	4811
38916	2
38917	8091
38919	269254
38922	54
38929	569426
38930	424968
38932	46
38952	1627
38956	29008
38979	3
38980	325436
38983	21
38985	239
38987	159343
38995	9124
38996	249
39001	17
39005	224098
39007	3467
39024	1
39028	50
39037	270409
39040	2933
39041	1
39042	915
39047	474
39051	795392
39053	3
39056	5907
39059	5630
39061	4
39065	3050
39066	7286
39071	2445
39082	820976
39083	273
39084	225
39087	15288
39089	6416
39092	5985
39097	126
39099	968
39100	51525
39102	1096
39104	187327
39113	5560
39116	41
39121	296718
39122	15190
39123	80322
39124	12828
39125	9
39141	734
39143	19767
39144	28
39147	2751
39150	105964
39152	619
39163	67314
39171	29873
39173	625
39175	73
39181	1073
39188	82
39191	327607
39197	216651
39206	24279
39211	1030
39216	645595
39217	345
39222	372
39227	773853
39242	300
39245	87782
39250	299
39251	442
39258	140795
39261	225
39268	3
39269	775
39271	13
39276	1773
39279	184
39280	1
39285	137
39288	25900
39295	24484
39297	1539
39304	6327
39308	4
39312	387
39313	333
39323	5
39325	13
39326	138603
39330	119
39344	85583
39353	17
39355	394107
39356	308261
39359	5754
39361	40
39366	55997
39373	29
39377	5
39378	3
39380	3007
39382	787
39385	134470
39388	6285
39389	588
39392	14
39395	489737
39412	2409
39414	853842
39418	4
39421	14969
39425	9113
39436	80
39438	56
39442	11
39451	615
39453	44796
39457	37
39458	3480
39465	52
39467	74741
39469	8
39475	186
39476	2
39486	2557
39491	28195
39499	161
39504	11
39506	3442
39508	11509
39510	22
39527	24
39534	412440
39543	127175
39545	92
39548	57
39549	107245
39558	41
39559	3
39560	659
39569	131
39576	145
39579	1315
39583	22
39584	10912
39586	18948
39593	2
39597	12090
39600	28
39601	5
39602	7398
39603	2
39616	882
39617	18115
39618	13350
39620	47906
39621	6694
39623	3
39625	27
39640	8393
39652	12
39655	146884
39670	34
39675	52019
39683	240
39684	27
39693	396296
39696	10810
39730	3365
39738	6535
39747	9366
39755	49
39763	1520
39764	520298
39766	112942
39769	6
39772	621542
39773	4643
39778	819
39779	2
39782	22
39785	130458
39791	54112
39796	2372
39799	105847
39808	3165
39809	1
39817	394
39820	105383
39842	10
39848	7274
39849	1
39851	95
39857	62
39859	1497
39865	16883
39870	4121
39880	27
39881	9
39893	48798
39894	2
39898	2
39899	12440
39901	7047
39903	38
39907	1265
39910	12
39915	575
39920	404595
39922	11372
39923	3
39927	9
39930	1
39934	412325
39936	70
39937	146208
39938	4
39939	26
39940	9184
39944	16
39950	8126
39951	16
39960	63717
39967	34
39968	119241
39969	28
39971	448
39980	14
39985	391640
39989	641
39999	128
40007	761991
40012	13
40015	96
40020	24411
40026	7
40027	419377
40030	7954
40034	2
40042	3
40044	6
40051	183
40054	3031
40059	46973
40062	5
40068	256
40071	20
40080	12
40085	14653
40086	5
40087	69680
40089	1235
40090	1227
40092	2
40096	2
40097	37018
40098	36
40100	6
40106	86619
40123	186404
40125	4719
40126	22215
40128	157
40134	9
40138	4843
40146	39
40147	21608
40150	26
40152	49
40157	29325
40159	157773
40161	1714
40163	4
40164	3250
40165	125
40166	416088
40175	24000
40194	585998
40203	13927
40210	693039
40214	29
40224	686
40227	43980
40228	26
40235	305
40252	12426
40254	4
40258	318103
40268	109
40270	107
40272	202707
40287	141
40293	500500
40296	2868
40299	39154
40307	94
40313	23791
40320	7
40326	371
40332	2
40334	737
40335	1152
40340	102426
40342	95774
40357	347
40367	579142
40369	8
40382	1001
40387	3747
40398	1
40399	29434
40402	583
40403	4
40404	90716
40409	73
40412	17
40416	591013
40421	16
40432	6320
40435	2731
40442	3
40443	407847
40448	8
40455	2
40458	373418
40461	624
40464	356690
40468	108937
40469	2
40470	75566
40475	85
40479	5735
40480	53
40481	150585
40482	495
40483	9
40488	5
40491	253
40492	645767
40498	85096
40501	99566
40504	1568
40520	54
40521	3
40522	110
40525	30
40527	12
40530	129
40535	4
40537	2
40544	4283
40550	1
40554	16
40555	50011
40572	1
40583	9693
40588	3000
40590	42
40591	110
40597	19
40599	17388
40600	1262
40602	98865
40603	1909
40605	38089
40610	171424
40611	34924
40619	2
40622	2
40624	81
40626	36
40628	9
40632	12
40635	2355
40638	882
40642	531957
40643	27815
40646	473
40650	32
40657	702787
40658	510
40660	2
40665	6
40667	27
40672	6296
40680	276799
40682	14031
40695	23
40697	648268
40699	13
40700	100850
40707	887
40709	50135
40712	79180
40722	924102
40728	4
40729	7
40730	86210
40731	49
40733	19
40745	10
40749	5
40756	64
40757	4
40761	1
40763	189723
40764	343284
40768	698872
40770	1
40781	17
40782	1397
40783	66093
40789	501
40803	1466
40813	511
40826	392897
40828	1
40831	17
40832	67
40834	14
40836	2071
40838	178
40846	26
40847	2
40851	89
40852	3
40853	19
40859	10
40864	924
40871	228022
40873	2
40880	5
40886	3966
40893	324360
40897	423709
40898	204
40900	2141
40901	23
40903	1242
40910	46
40930	1450
40931	412275
40932	89
40937	514536
40939	4
40940	3
40946	5
40954	26756
40956	20
40963	512414
40965	1194
40970	2
40971	332241
40974	247
40975	24
40977	675775
40980	1
40988	15628
40996	15697
41000	240
41002	6
41003	1614
41004	37336
41006	3
41007	38441
41010	1
41018	995708
41026	58
41033	73522
41035	26
41039	740965
41041	13027
41050	1
41051	62411
41076	177
41079	36279
41082	25
41084	19
41087	5862
41090	10
41095	621
41101	1345
41106	4547
41111	3
41116	92
41117	733894
41118	70448
41123	408
41124	153265
41126	85651
41129	148927
41136	97
41147	116
41160	738
41164	895
41167	990944
41179	988
41184	1819
41193	199
41196	9
41209	8
41210	183
41215	58
41220	23
41224	592817
41226	463
41243	10
41261	1545
41264	23959
41268	427850
41270	288452
41276	206241
41278	3820
41285	476
41293	68
41299	7
41300	1145
41312	48
41320	5594
41325	2
41326	29847
41327	191
41332	10614
41334	3743
41336	3
41342	44
41344	7
41349	2
41350	28
41354	156
41355	1687
41360	2435
41364	69
41365	37170
41370	41
41375	32271
41376	455
41379	226
41381	32605
41385	2
41392	51149
41393	26
41402	64
41407	12392
41414	846375
41421	37
41426	278
41427	2
41430	40595
41445	1873
41447	675521
41450	259
41456	82
41457	1
41473	4
41476	28
41483	185
41492	254
41495	713
41502	2139
41512	5472
41523	4920
41524	2
41527	13
41536	960699
41538	768
41539	85876
41543	5
41545	21
41550	521
41555	2
41577	57
41580	276389
41583	64110
41590	1915
41602	2424
41605	1
41607	2703
41608	927
41610	210
41611	578345
41615	2807
41621	1023
41623	2
41630	4088
41633	76
41637	688
41645	2359
41652	82923
41656	210
41657	4
41660	481183
41670	12153
41677	1037
41682	7258
41694	584256
41698	1748
41703	42
41704	6823
41712	2731
41721	349989
41725	431859
41727	25360
41733	2
41737	17363
41740	461877
41741	641
41757	20
41759	390343
41761	2
41767	8232
41772	148454
41778	2601
41783	6
41788	36
41790	469
41793	3295
41795	221432
41796	382971
41799	6
41800	609
41812	1
41814	166
41815	40147
41817	1229
41827	46
41831	69
41838	12912
41858	6
41863	955
41868	15117
41881	741
41885	7
41887	52147
41890	140704
41891	136222
41894	17408
41895	26028
41907	3
41914	8
41917	7311
41918	2
41921	25
41923	21641
41945	124
41948	45123
41955	246
41956	72
41961	580405
41966	8
41974	1707
41981	3287
41984	211703
41992	118302
41994	19
42001	277437
42005	17
42013	7822
42014	523847
42017	389
42021	3995
42022	234556
42034	29932
42036	18
42049	196136
42050	297
42057	2
42058	594
42064	465329
42069	55059
42073	3164
42074	819425
42084	1
42093	349
42101	6718
42113	6
42127	109
42132	38665
42141	98
42143	91
42148	22
42149	12646
42153	9
42163	8425
42179	8
42184	3
42190	46041
42206	4
42207	50
42210	3373
42216	384731
42222	5426
42223	215234
42225	411
42246	385
42247	15
42257	4
42261	4
42263	890542
42264	6
42268	24
42272	6
42277	9787
42279	10718
42282	182
42283	130742
42304	173
42318	49823
42321	971
42322	7391
42347	312
42353	474802
42354	598220
42358	594910
42360	165971
42365	106204
42368	2
42370	3
42374	3
42379	83
42380	11
42381	741732
42395	1337
42400	400
42402	134
42403	25
42408	558924
42414	103859
42415	553
42417	5185
42418	29
42421	283
42431	307393
42435	4
42436	412
42447	789469
42451	29327
42462	37872
42470	185594
42473	77684
42483	1564
42485	77823
42487	756234
42507	2
42508	253
42510	170531
42512	52
42513	1
42517	28
42527	1345
42531	89092
42538	73
42546	1425
42550	526
42556	1013
42557	35035
42565	267184
42567	223
42571	246987
42575	7458
42580	149623
42584	610386
42587	233
42598	195
42611	23
42619	189
42621	33
42638	17
42640	116
42646	2
42652	22202
42653	27805
42657	127871
42663	64
42667	6010
42669	29
42670	927
42681	225
42682	23
42684	4107
42685	220
42686	8518
42689	649
42703	209
42705	10707
42729	4872
42735	30070
42739	696320
42749	4
42751	552
42755	684095
42769	7107
42770	84669
42771	1966
42776	4280
42777	179343
42778	242140
42779	316711
42793	756
42794	15931
42801	239
42803	940333
42804	576334
42820	1706
42834	35507
42844	65473
42845	89019
42849	37
42851	6
42854	7
42860	11
42871	5948
42872	10718
42874	2
42881	424
42884	174360
42886	276
42889	332093
42892	885
42895	66
42905	22
42912	1
42915	18
42925	5144
42932	254501
42934	3
42946	22
42947	332
42949	51794
42954	20920
42955	70
42957	240
42962	15
42965	220
42983	16
42987	17
42989	9624
42990	13314
42993	1
42996	8
43001	1
43002	24
43005	54103
43015	12
43018	3
43022	272
43023	36
43024	44
43040	450079
43043	32052
43046	5804
43057	79315
43059	9
43070	157
43072	11624
43077	9
43083	101
43094	71313
43099	444
43102	962
43104	117
43108	3
43109	28060
43113	310
43114	15194
43117	119
43125	25
43129	1
43138	8173
43139	65
43146	478
43158	257325
43160	739485
43162	13441
43166	217
43190	128
43193	3
43194	211
43197	19462
43211	7160
43216	4266
43218	1137
43229	4018
43237	2291
43249	24
43253	43
43264	4487
43265	131280
43276	17057
43282	378943
43287	24034
43295	2861
43297	24415
43298	21
43302	485
43305	42
43307	578242
43308	955
43313	2642
43314	10
43315	7
43318	223
43319	309518
43333	2585
43337	107487
43338	18
43343	7
43352	547
43359	78
43361	185
43373	507
43379	123
43380	279673
43399	33
43408	3019
43418	1490
43423	124
43430	586676
43431	298291
43437	297518
43445	105
43446	202147
43465	9338
43471	86
43473	7
43474	524332
43477	33
43479	8
43486	2231
43489	118
43506	98
43512	35
43515	366478
43516	44115
43518	49
43519	560
43521	3
43522	137649
43526	81
43531	1
43533	3
43544	116535
43549	48299
43550	93
43551	2354
43556	595965
43557	14724
43564	13
43566	618
43570	1915
43572	40026
43583	144296
43585	31
43590	77468
43594	163203
43605	85
43606	25441
43610	117121
43616	69078
43617	10494
43625	365
43629	65
43630	15582
43635	849
43638	567
43640	448512
43641	81392
43642	3966
43645	22270
43648	6746
43658	592518
43669	76170
43671	565
43674	256216
43676	5130
43677	7335
43679	119
43692	1
43698	2750
43700	60655
43701	11834
43710	5447
43712	64
43713	132270
43715	47
43718	20358
43723	128139
43729	3
43736	17302
43737	50043
43741	35
43743	6
43745	5
43750	1308
43756	765823
43757	3
43763	1
43767	5
43768	116322
43778	5
43794	197
43801	33986
43814	368
43818	1
43819	53
43825	161
43827	727442
43828	1234
43830	1109
43831	513576
43838	1260
43839	1
43851	210
43852	3
43858	27076
43868	3011
43871	11
43874	1188
43876	77
43895	125944
43912	13192
43919	1
43944	52
43949	91
43960	2721
43961	54
43979	13
43980	496
43981	12
44002	97
44004	57877
44005	428
44013	1
44029	66
44041	2938
44043	38
44047	7
44055	5
44058	13
44060	464511
44061	14
44062	249
44066	448806
44076	485088
44078	350030
44083	129935
44086	244
44094	50
44096	253
44101	5454
44111	1616
44113	16272
44114	1
44115	56
44120	15330
44123	3594
44124	5
44127	102
44137	154
44138	32210
44142	76
44151	4507
44157	3441
44161	8
44166	3
44167	111
44170	33
44172	4603
44173	25366
44175	138502
44176	453002
44177	10122
44179	173389
44180	468
44181	463814
44182	52676
44186	3699
44198	56771
44199	6
44213	93008
44219	193938
44225	24
44228	22550
44230	19117
44238	39601
44248	14515
44250	32
44262	2
44266	7199
44270	24771
44271	276
44273	102
44279	73489
44286	1475
44291	250
44292	89
44296	18855
44302	49
44340	4732
44342	126870
44344	42127
44347	47
44352	128678
44358	13
44372	11899
44373	5045
44378	2
44381	38
44387	129745
44390	362
44392	7
44400	80
44408	1007
44409	1560
44412	13588
44413	56
44414	102
44420	3879
44425	8
44436	8293
44439	860131
44441	909
44444	14010
44467	1
44470	2868
44474	18365
44477	11
44493	185
44496	4706
44497	24802
44498	6004
44503	29
44507	115
44510	859630
44515	14818
44516	60411
44522	146
44524	550
44525	258535
44526	488
44527	1030
44529	14
44532	629
44533	18
44534	36
44544	232578
44565	217615
44568	59427
44569	559833
44584	272523
44585	11
44594	38
44599	398523
44600	835
44602	271116
44606	24920
44613	213573
44614	1285
44622	5775
44633	10366
44635	313819
44647	9948
44648	22255
44649	11
44655	153
44656	800091
44668	106
44669	33856
44672	180
44678	146119
44679	6
44682	2968
44686	205
44692	213
44694	7816
44698	2
44699	395389
44701	29590
44712	23
44722	23629
44729	26
44738	3
44740	13
44744	1550
44749	31
44751	356044
44752	11
44762	7314
44763	10291
44766	1
44768	21750
44771	31172
44780	100
44782	794
44788	48
44793	1269
44796	28782
44799	97109
44810	325590
44812	200
44813	1147
44816	493
44830	1661
44837	18
44844	2
44860	118051
44875	9
44880	735
44881	3064
44884	42
44891	668
44898	1
44899	6
44914	1118
44919	107
44923	210652
44930	88
44931	149
44932	45148
44934	122967
44937	29793
44943	38748
44944	906
44962	2
44963	19
44968	59
44970	8330
44971	294
44976	390329
44977	2
44986	152
45018	11
45025	332035
45027	106872
45030	34
45042	6232
45061	152569
45064	10654
45075	26
45076	798
45080	25191
45081	23
45083	813660
45089	53
45095	6877
45098	932
45101	997216
45111	240440
45118	817
45123	26
45133	1
45136	20969
45138	31
45140	312
45144	69
45146	35
45165	34706
45167	179
45173	39
45179	1
45180	1861
45183	93
45186	98996
45188	107111
45192	310
45194	31
45212	706
45216	321
45222	1
45224	738
45226	98850
45234	2
45246	940059
45249	3529
45251	34
45253	90981
45255	144
45257	1009
45268	478
45269	71
45286	3138
45288	141305
45289	180535
45291	47242
45294	163546
45303	581
45305	3
45311	4
45316	96970
45319	10433
45331	2283
45341	345980
45353	378580
45358	107286
45360	148729
45365	283670
45369	220
45371	70070
45373	1
45375	3
45392	2
45400	11
45401	124149
45413	22606
45418	134006
45424	2
45428	243225
45432	3
45433	9220
45438	9445
45447	12463
45448	9312
45451	4917
45460	689
45464	169207
45473	244945
45493	178493
45495	29645
45502	83992
45503	122813
45508	764225
45510	14
45512	876
45529	252
45530	88
45531	5
45532	146238
45535	39073
45543	948
45547	5
45555	108246
45557	1405
45565	10011
45570	227188
45573	513270
45575	26
45583	123
45584	1
45587	422599
45591	455
45612	799
45614	85818
45620	550
45621	32
45625	66490
45628	7
45630	1510
45638	7488
45642	13
45650	5728
45654	21919
45661	14855
45662	3
45663	16
45674	56588
45677	129
45682	1
45688	152810
45693	4964
45694	72908
45703	163478
45705	187
45706	2
45708	19
45710	15303
45717	37319
45720	5481
45730	5
45732	4
45736	10381
45747	28591
45750	12466
45755	46
45762	2
45763	939873
45764	1
45771	1
45778	261087
45780	101
45783	1
45785	124
45787	884917
45788	347
45789	8698
45791	15855
45795	79889
45797	1965
45799	4119
45801	89
45806	329946
45808	177802
45812	1304
45815	872295
45826	11392
45834	17783
45838	310
45843	323420
45846	345092
45849	36
45861	172
45872	2
45875	2
45879	14
45882	2
45886	1934
45889	204453
45894	204
45904	44
45920	16116
45924	8
45926	3939
45931	187
45935	10
45943	36149
45976	171
45982	1
45986	2461
45989	47
45996	180
46005	375
46006	277
46021	2543
46031	2
46035	56473
46038	101
46054	16542
46055	891226
46059	32
46061	1065
46068	24168
46100	6
46106	13
46108	355
46117	5
46124	360083
46132	741
46145	670
46147	793
46148	53
46152	350
46155	7
46158	9463
46165	4
46169	317
46183	56
46189	2
46192	152564
46196	75
46197	711
46210	5
46217	45855
46223	8
46224	102738
46225	39
46231	78
46238	36
46239	4685
46242	3
46246	1
46251	211374
46252	13445
46257	184048
46259	7930
46261	46755
46262	2
46296	377011
46299	7237
46304	74
46305	2575
46307	20
46309	202586
46321	98924
46323	14637
46328	514846
46334	54680
46337	15
46338	1150
46344	221
46349	919412
46350	3
46353	905748
46356	577
46357	134339
46358	55
46360	96491
46370	499049
46376	13
46386	3
46387	140710
46389	168
46395	4
46397	43851
46403	69
46404	853714
46407	39
46417	121
46423	150749
46424	2
46425	2
46428	2511
46431	230
46432	21
46441	66
46449	1335
46450	334697
46456	14095
46459	205
46467	377440
46470	133602
46476	40
46484	4721
46487	40
46488	1
46501	47601
46509	60231
46525	6653
46526	12
46527	45654
46533	4
46535	671617
46537	11
46547	667
46550	156257
46553	5286
46561	43
46562	2
46565	339
46570	1094
46571	299402
46574	116
46582	1259
46587	228
46593	88
46594	144389
46596	172674
46597	6
46603	50
46607	54
46618	10515
46619	709753
46620	8
46631	502505
46633	3
46641	5194
46643	77705
46645	477
46654	9
46656	272
46664	20
46682	17
46686	263092
46696	3419
46698	7275
46699	397
46704	2058
46726	385
46727	18793
46740	10
46745	749
46749	541
46750	9567
46755	1056
46757	23
46770	195
46775	403024
46788	375
46790	8225
46791	270
46793	313
46805	21392
46810	608
46818	531
46831	5180
46834	240
46839	1219
46842	98
46851	340687
46854	1
46856	811
46874	55
46887	5686
46891	115
46896	629
46902	98
46916	25
46929	2
46930	20
46936	56615
46945	101
46957	843373
46958	2
46962	167851
46964	1
46972	75
46978	15424
46980	100
46985	30
46986	50
46990	62
46991	791995
46992	4
46993	8
47001	1411
47003	4
47015	143581
47016	83649
47017	128055
47018	1359
47021	3318
47023	746
47026	8
47031	298902
47038	897155
47039	673210
47044	222
47045	295
47062	32149
47074	897794
47075	159
47080	363
47081	13546
47086	508210
47096	118749
47099	6881
47101	39165
47105	121508
47108	33984
47112	913
47114	7
47118	8276
47123	5389
47125	1078
47130	2812
47132	695
47133	17
47134	1659
47139	106889
47146	13915
47150	8
47155	666
47156	22590
47165	37707
47166	6
47176	2
47177	43
47183	2
47185	104671
47188	113
47191	5994
47192	2
47197	10
47200	5666
47201	247093
47204	2151
47207	9
47212	579
47214	3648
47218	27
47223	471235
47224	207614
47231	469354
47237	2534
47258	10
47260	7
47261	1
47266	318
47269	3257
47280	9
47284	15
47300	96719
47301	49619
47307	3
47325	8322
47330	228
47331	347
47340	11
47342	6
47343	1315
47344	377330
47346	223015
47347	1460
47350	389567
47355	79575
47357	1762
47362	5
47365	7
47372	8952
47385	647061
47393	44919
47396	340
47397	21852
47404	31629
47405	2976
47411	3569
47412	2
47414	15912
47419	1
47421	2
47428	247
47429	129549
47430	1753
47432	448627
47438	19988
47442	5277
47444	22
47447	3
47453	160802
47455	236071
47459	143516
47462	3830
47467	56205
47468	104
47474	8442
47484	71931
47497	69
47498	160753
47502	2994
47509	2662
47512	523911
47516	49796
47517	410
47519	340133
47523	171626
47524	351464
47527	156123
47533	2
47540	9476
47546	86287
47555	208
47556	4869
47557	899
47561	676183
47563	2
47568	242011
47569	212430
47574	1070
47580	1
47599	14
47616	27493
47630	176
47632	61
47641	35
47643	18
47644	245
47647	3
47655	16
47658	23
47663	95
47665	3861
47673	9
47674	4073
47677	353973
47682	46171
47698	471
47705	7
47710	4
47711	260
47715	11218
47716	925
47718	411
47723	2650
47725	15132
47727	127269
47737	542516
47741	350152
47749	10279
47752	37028
47756	802
47761	395576
47769	1
47785	4543
47789	44499
47791	2120
47796	26
47821	4
47829	8
47830	5
47832	33497
47834	1
47840	107926
47843	3
47859	212
47866	8
47868	202672
47888	1
47889	3375
47896	565364
47900	16336
47901	8
47904	12
47907	58
47910	1880
47914	1331
47916	54659
47924	55
47927	3
47929	7089
47931	13856
47938	37188
47943	1
47950	900098
47953	153317
47960	95363
47961	434642
47962	783274
47966	277
47974	130420
47977	3
47983	366
47986	82883
47991	44724
47993	551
47997	2164
48008	1
48013	137176
48015	45715
48018	307397
48023	85
48038	36427
48040	7
48042	1294
48047	21
48054	99435
48057	46712
48058	3
48059	391
48063	128
48069	2
48076	11252
48077	64
48078	7879
48079	11
48093	2
48099	100
48102	236858
48107	354
48113	73
48119	10
48127	8
48132	7671
48146	96
48151	10
48155	363590
48159	6170
48177	11813
48179	69207
48180	42
48188	438183
48192	696650
48195	18479
48196	5859
48203	258
48208	23
48213	894
48217	4466
48224	327
48225	3
48226	18
48229	173547
48234	652654
48236	809329
48237	1
48238	777
48252	921
48253	67376
48255	188190
48256	3536
48258	885
48267	118083
48268	86169
48274	23488
48276	4
48279	58821
48286	10525
48293	373138
48304	4639
48332	525555
48334	21
48335	221207
48337	391569
48342	135276
48343	142
48345	32
48352	64260
48354	689264
48355	1077
48359	47
48360	3
48376	285027
48391	2
48392	958
48393	808
48398	34862
48399	16
48400	41
48401	8
48404	262735
48417	20
48423	103183
48424	91
48436	1291
48438	285
48443	70086
48455	155
48459	84
48460	47023
48464	15878
48470	8
48474	14690
48476	2278
48481	35
48483	1027
48486	3
48492	44
48498	35382
48506	21
48508	1
48513	221694
48519	2101
48523	36300
48526	58
48530	69
48539	15275
48540	2
48543	296857
48544	4467
48547	2698
48552	255573
48563	71
48567	302024
48570	1910
48571	972156
48573	6
48575	23493
48582	106
48584	1410
48591	95023
48594	2
48600	933429
48601	566
48604	27848
48606	14281
48613	11452
48615	4
48622	487931
48623	1
48629	2
48633	28140
48649	338
48663	528
48670	1
48674	2
48676	624233
48682	11071
48683	56210
48707	969767
48710	968
48714	240975
48728	3
48742	29250
48744	6428
48745	3
48750	22152
48754	13274
48757	10
48758	14605
48760	215
48761	800956
48770	5
48776	8
48780	177
48784	689
48785	194
48788	3143
48789	227
48793	158989
48799	10
48805	14618
48806	16
48810	173711
48814	221
48815	4182
48817	3
48825	102
48826	1164
48831	18
48833	240952
48835	74
48845	122
48848	701
48860	279
48862	3
48877	1385
48884	20
48888	6393
48900	15
48914	128
48918	470621
48924	594
48926	53523
48927	1
48929	4
48936	1420
48939	7367
48945	113535
48952	2
48965	128430
48972	2778
48973	9847
48974	5
48978	21362
48981	25002
48988	15111
48990	87074
48993	1509
48994	188
49005	167
49013	481155
49014	1617
49028	445
49036	8
49046	504024
49052	3
49053	11
49062	2484
49064	417066
49074	1
49076	34
49079	837
49080	25976
49082	583093
49083	50
49085	806688
49087	193890
49095	324
49097	55009
49099	42
49101	304
49105	60581
49106	33989
49107	34
49111	44169
49112	308289
49118	2
49126	26
49128	46
49130	389424
49132	8
49137	575
49139	4199
49141	23
49143	347
49146	1
49153	3
49154	18587
49161	2217
49167	68
49172	144928
49173	182
49184	167
49192	3642
49196	10091
49203	217633
49204	140
49213	1875
49220	170
49233	387377
49236	478
49238	10052
49240	2
49242	163
49243	402
49245	28
49259	44
49263	35106
49264	181
49269	5
49274	5578
49282	7521
49286	1808
49287	23896
49302	132800
49306	13
49309	450923
49314	58425
49324	421
49328	112574
49329	1432
49339	2619
49352	56
49353	15
49356	3
49367	46
49368	3
49374	3
49379	528537
49384	561
49386	65500
49397	54928
49404	37527
49413	617683
49426	397
49428	25
49433	256084
49436	197
49442	15
49443	18
49466	11145
49469	312911
49470	119
49481	85
49482	2
49485	105161
49489	7
49501	412
49503	334
49505	8
49510	1412
49514	28
49517	23799
49521	16559
49535	537
49537	43
49538	624467
49542	906249
49547	56
49554	18
49559	524
49565	74501
49567	835214
49571	89
49582	1292
49583	10777
49591	795
49594	52070
49597	15
49601	830
49603	21
49606	1
49621	636049
49622	527581
49623	2
49624	296682
49626	16911
49633	2
49634	259120
49636	2511
49639	54716
49644	10
49653	174
49678	4
49685	213
49686	14865
49692	442314
49707	10
49708	176105
49709	2128
49717	827
49719	719247
49726	2
49729	15
49730	39
49734	1
49736	6605
49739	127634
49740	14
49742	5
49751	3661
49759	5447
49764	32312
49775	67458
49790	670
49791	210
49792	16886
49801	503
49802	13061
49806	168
49808	3
49814	2597
49821	331252
49825	909546
49826	303
49833	13740
49835	97591
49838	86
49842	636470
49849	22072
49854	2349
49855	1059
49856	208
49857	2560
49863	671913
49875	2763
49878	5776
49881	79755
49884	2832
49886	2
49890	930832
49894	473523
49895	17320
49905	8
49906	716
49909	12930
49911	570959
49912	1
49917	113
49940	26109
49943	86354
49945	260735
49949	999
49951	187
49953	527652
49971	10
49972	13
49981	17647
49982	6611
49986	3
49987	22
49997	99
49998	4
50005	3
50008	16684
50010	382
50011	657658
50015	320
50020	15547
50028	111
50030	8967
50046	16
50050	42822
50054	599399
50062	17
50064	450238
50065	264
50074	615
50084	59112
50086	7
50094	34
50095	301
50096	104
50100	56
50105	1244
50108	6
50111	27
50113	14
50120	49522
50126	3
50128	2
50130	12764
50132	733
50133	68424
50141	204073
50149	7789
50167	1
50181	131
50183	10
50193	1
50200	63
50201	2
50205	5
50211	81
50221	5
50233	40102
50241	873122
50242	3
50243	736965
50245	154
50257	60399
50265	370
50268	3464
50269	14882
50273	715
50275	10540
50276	3
50284	16
50289	5
50294	6
50295	131087
50296	8298
50306	961383
50320	27
50324	28
50327	37712
50331	147197
50336	4584
50337	1
50346	377748
50350	242092
50363	85
50364	3
50371	15
50372	621
50374	139
50376	571063
50379	107632
50383	2558
50388	9
50390	1569
50391	1229
50394	3560
50406	1413
50416	233
50417	292
50418	15
50420	2
50422	448
50432	14
50434	212
50436	22
50449	115208
50453	8611
50454	92226
50460	281566
50462	734
50465	77
50470	25870
50475	195300
50476	1
50479	23
50482	15
50483	55
50503	89
50505	21658
50510	4088
50515	2
50518	6881
50532	2701
50534	382445
50545	5
50547	589
50549	359487
50550	16783
50568	3
50570	6959
50588	8
50601	795076
50605	52212
50614	68380
50621	221
50623	510
50625	51
50626	53522
50629	10371
50632	193065
50635	3911
50638	2
50646	86730
50663	34821
50665	881
50668	2049
50669	9172
50670	16
50672	241261
50675	5
50676	444323
50680	363673
50688	2
50693	717
50701	3
50704	23236
50705	190848
50706	1890
50711	4011
50713	3859
50715	63278
50723	53262
50726	9015
50732	81523
50737	1
50739	681
50744	16
50747	1424
50753	42
50754	579944
50761	9774
50773	2
50775	3632
50780	34
50785	1
50795	20
50797	4361
50799	96
50800	899987
50807	19
50808	169
50809	7365
50820	1
50822	581
50837	8111
50841	27
50842	1614
50843	2
50848	34
50850	8719
50851	19799
50852	22037
50853	7984
50857	1506
50872	1039
50873	10249
50874	324535
50881	35256
50893	1
50896	8788
50900	29
50901	57709
50906	26640
50910	226
50918	1100
50924	5188
50927	9
50936	3
50939	468472
50950	5
50953	382477
50960	434
50964	2
50973	6
50977	4576
50980	3
50981	7
50984	160
50993	1348
50995	2
50997	21
50998	184
51006	3492
51011	51
51024	3310
51027	19
51028	8
51033	234
51035	34328
51037	7171
51045	3
51047	1
51054	300593
51058	209681
51069	37464
51071	273
51077	993102
51088	158
51101	99629
51111	4273
51116	907549
51120	10548
51124	94950
51126	1788
51127	75416
51133	169
51135	229800
51136	10818
51141	297669
51143	25410
51153	1359
51154	24769
51160	180
51176	3040
51177	154
51181	472
51190	5
51193	11614
51202	17
51206	346
51210	4768
51211	954
51212	6
51218	26453
51225	2
51233	4
51238	533
51239	10047
51258	36290
51260	33
51261	942
51266	444
51281	6
51284	18
51285	107133
51286	189
51296	243
51300	15
51301	193713
51304	74
51311	1
51326	1086
51327	29
51328	142897
51329	2604
51338	116947
51342	1
51343	19
51346	1252
51353	57628
51363	815965
51369	448
51376	35
51386	13603
51402	11
51403	2
51406	12231
51407	286
51418	7
51419	90
51420	230
51425	594
51430	305
51431	11994
51443	1
51445	358
51447	1358
51448	12
51450	41614
51456	3426
51459	3218
51464	36560
51466	149918
51467	7
51470	160007
51479	3
51480	118572
51484	127879
51485	41551
51487	280783
51489	196
51490	95
51491	3
51503	496340
51515	7
51525	43069
51530	37
51538	7
51543	18
51550	224
51552	5698
51560	655095
51563	236
51573	1
51576	22691
51579	936
51590	68
51593	241
51601	15
51605	71
51607	5609
51615	19394
51616	8
51619	6308
51621	839348
51626	547
51630	131
51632	1
51637	105
51640	155
51646	16624
51652	119429
51664	684674
51668	5365
51674	39787
51677	9
51685	1
51690	7
51691	35047
51697	123
51700	387755
51716	27662
51728	7688
51729	6
51730	345
51738	4
51742	295
51746	40108
51749	49
51751	4
51752	5
51753	10
51758	1
51770	1102
51775	7069
51780	2
51781	39
51795	3040
51804	28
51807	786636
51813	300853
51817	890
51838	75
51843	15052
51845	269
51849	1
51850	9690
51860	118
51861	236
51864	6
51873	10
51876	36398
51882	27
51886	1
51888	2
51894	116
51896	3
51898	123669
51901	1071
51906	267813
51908	111
51927	4042
51928	8
51933	1213
51937	9003
51938	17
51942	4554
51944	2571
51946	476
51957	934
51964	726
51965	18
51970	125431
51973	73
51975	78
51978	338702
51988	116121
51994	2
51996	103
51999	46
52003	2583
52011	29
52030	21
52034	10126
52045	6482
52046	2
52049	648699
52055	3
52058	25
52062	2
52064	123
52069	168659
52076	12
52078	1158
52087	1
52090	18
52091	6
52099	180
52103	735
52111	311805
52112	6
52123	255
52125	352
52133	991
52144	14446
52145	209677
52150	617
52151	83
52159	46
52162	36
52170	26301
52185	21283
52188	13
52204	9261
52207	1493
52211	52292
52212	456
52213	13
52217	1
52223	380
52226	1258
52227	40775
52229	356
52234	18
52248	1378
52250	1
52251	4
52257	5
52260	14261
52263	11459
52266	168301
52268	7
52278	1199
52279	223046
52286	7
52287	11
52289	20
52294	4190
52300	208
52306	46
52309	146063
52313	144882
52314	430125
52329	91991
52331	2
52332	733
52333	3
52343	6
52345	35367
52352	213
52357	3625
52365	21722
52367	6
52369	3312
52370	3235
52381	21
52382	69
52386	1
52387	7346
52388	1144
52389	329510
52394	128595
52395	340
52399	2
52400	38
52418	419784
52419	7
52422	1596
52426	25064
52427	8914
52428	3463
52433	1
52436	6181
52438	331487
52446	43873
52452	1032
52453	404650
52456	633651
52471	2
52484	9
52485	10
52487	5
52489	34
52490	39829
52496	107002
52503	14699
52505	20
52514	133
52527	1229
52528	73
52530	113
52533	476023
52534	2106
52543	2
52549	8
52550	991
52555	22
52556	1
52559	7590
52570	12223
52575	3
52578	133
52580	49766
52582	120602
52586	13
52588	108424
52593	15
52595	770923
52596	114
52601	713
52607	9
52617	676
52619	1433
52620	361
52623	80
52634	863037
52635	22
52637	2708
52641	1
52651	2494
52656	34
52658	3
52664	13
52680	3
52683	1
52686	21
52690	81746
52694	12
52696	83
52697	471369
52700	335586
52702	399
52703	83384
52705	78
52709	4097
52710	4151
52715	5
52717	73
52718	4617
52722	281543
52727	3140
52728	124
52732	3
52733	982
52735	86305
52741	489370
52742	3
52744	11
52745	50
52749	31
52754	1
52763	257841
52766	24
52774	41211
52784	127
52785	26466
52789	71
52800	4
52818	2
52820	1
52825	7105
52828	128513
52835	113
52841	193090
52844	132922
52848	305
52856	4
52867	3948
52869	955
52870	679
52871	15
52879	409835
52884	7
52892	31397
52895	117
52903	3092
52906	392
52907	284965
52909	6
52910	595703
52920	52349
52923	25145
52924	437
52925	6
52927	1
52938	114
52949	12
52951	1201
52952	10288
52954	416
52958	39575
52968	5235
52970	1849
52977	23
52980	9976
52997	84295
53001	347644
53004	20
53013	174
53014	172
53017	45
53020	287998
53023	88022
53024	4728
53038	15636
53041	83388
53053	3924
53055	7
53057	2
53063	4737
53068	115083
53069	202
53070	4
53071	285086
53072	1769
53077	321
53078	12226
53084	134
53090	232667
53092	4
53094	1074
53102	85222
53105	34342
53106	571
53112	2
53118	93
53145	19056
53147	5
53156	1131
53165	4
53169	27
53171	902
53174	40
53176	285060
53178	107017
53183	46644
53193	2
53194	1251
53195	27892
53201	31
53208	56066
53211	28537
53219	3
53222	80
53224	106445
53225	67396
53226	1260
53239	225043
53240	29798
53247	12268
53249	65
53257	615489
53258	20470
53260	151
53272	163
53276	1179
53277	1
53278	504438
53279	958
53281	100267
53282	1024
53300	5
53307	938
53309	1250
53319	6881
53325	887
53326	69559
53343	964947
53344	69
53352	28578
53356	62998
53358	16
53361	58116
53362	8
53374	29
53376	28
53378	142846
53384	86384
53388	19
53392	1651
53402	91
53403	156
53404	518
53405	176
53408	4
53410	628791
53416	616173
53420	2
53422	252781
53428	185624
53437	4
53438	806
53441	11401
53442	6
53445	446431
53455	2
53463	74682
53470	11140
53473	341611
53475	315227
53479	174
53482	29
53486	26788
53488	125
53489	7167
53490	1
53493	58989
53494	576
53497	70743
53504	418
53514	295
53521	228
53523	41
53525	224225
53537	12441
53538	149
53541	5342
53547	54
53549	44920
53552	71285
53556	45066
53557	836
53562	4639
53566	61
53567	59
53572	15270
53573	30454
53577	10921
53593	880
53595	2
53598	12199
53599	8056
53603	548
53606	2
53610	2424
53614	93
53623	6816
53625	160634
53639	42
53640	71758
53643	640575
53647	2
53651	755645
53655	97
53660	75
53664	411
53667	343
53668	3
53672	83101
53676	10
53683	207
53685	20
53687	72441
53698	7
53701	2637
53705	35
53709	17
53711	132457
53712	2418
53717	8
53721	1
53725	625
53732	816870
53735	34211
53742	97
53743	42
53746	28
53755	202562
53757	730029
53760	7364
53764	40
53771	1
53772	481270
53775	622758
53780	419708
53783	15
53786	24
53790	1307
53797	236
53798	945977
53799	67220
53804	2899
53807	187
53808	7
53815	58
53820	118292
53824	1591
53832	63004
53833	65
53834	6100
53843	6813
53845	7
53850	14
53854	308745
53855	169988
53862	797
53863	45270
53869	28
53872	658
53874	13478
53875	9758
53876	4
53887	57847
53891	167
53892	142508
53894	87756
53907	723254
53911	1140
53913	1
53919	23861
53921	57
53924	981500
53935	9486
53940	36
53942	118440
53954	77
53956	622
53964	9
53965	1
53969	230465
53970	67980
53971	7
53980	193
53981	5
53983	203
53984	305
53985	1391
53986	15
53991	573254
53999	16
54002	3
54006	16
54012	82975
54015	309083
54018	46
54019	87759
54037	966
54039	4013
54047	928312
54048	4924
54049	13
54055	18
54056	94
54066	28028
54068	116
54071	991
54073	304
54074	1663
54079	639
54087	2
54106	20567
54117	144
54120	14
54122	104400
54125	635239
54126	11
54131	47853
54132	47371
54136	59268
54139	12820
54150	6
54159	597
54166	2
54177	2
54182	94
54190	17
54199	6143
54201	2
54206	170722
54207	38100
54214	1209
54215	175616
54216	1213
54222	299
54230	2
54233	14
54237	340
54239	75
54240	1
54241	313
54242	2833
54243	7144
54246	3258
54248	18
54249	48127
54255	1144
54284	780425
54288	220
54289	6
54290	14146
54298	123
54300	3966
54301	86
54309	3743
54317	1
54320	80325
54321	2
54334	74556
54343	318
54345	4241
54350	2
54351	367
54354	2381
54361	116327
54365	3
54368	7103
54395	1185
54396	4
54403	488
54408	95979
54409	23806
54421	9
54422	2895
54428	124
54430	16294
54431	38
54447	7083
54449	16
54450	1521
54451	32768
54456	1
54461	29249
54467	301
54470	1031
54489	2
54491	13096
54495	185905
54497	114
54499	23229
54504	7115
54509	17172
54513	724
54514	1902
54520	3
54542	45537
54548	36
54555	101032
54558	157
54572	17
54577	219
54580	4108
54582	28497
54583	4
54584	147
54590	17
54601	17701
54609	17985
54617	30
54632	20212
54635	51045
54638	13
54642	62995
54643	2
54647	173498
54650	49
54651	5
54663	483
54665	25002
54666	6
54675	12
54678	1301
54680	5
54681	9782
54682	129
54684	174423
54685	227
54693	84783
54700	712
54708	21430
54712	20953
54724	677
54727	179581
54735	31
54739	23
54745	3
54750	17
54752	4279
54758	6
54761	96
54763	130262
54767	110
54776	177122
54786	2
54787	169770
54789	436
54792	920
54794	37
54803	7756
54805	309733
54807	318431
54810	1
54813	10935
54819	3138
54821	2670
54824	5
54826	16429
54828	84
54833	26
54836	10879
54850	800861
54861	47359
54864	305511
54865	1
54871	12
54874	73461
54876	546489
54885	140
54886	4
54890	8365
54897	1
54904	28297
54905	846
54907	7
54909	7
54921	1076
54923	129856
54925	72
54928	11958
54930	2
54932	13
54933	7404
54937	434
54943	446
54949	13079
54956	235776
54958	936
54961	1277
54962	73001
54969	80639
54970	7
54972	58
54973	18646
54977	1492
54984	187617
54997	4
55004	21388
55007	6
55024	125
55029	198
55030	12
55045	421
55047	6
55051	11
55066	259202
55067	308327
55069	4
55079	7
55081	3
55087	383150
55088	27
55089	206595
55090	13416
55092	2
55093	43650
55094	226295
55096	103647
55099	3
55105	21
55109	5098
55110	364
55119	890
55122	418
55130	96
55132	4371
55133	24
55147	514749
55148	227911
55151	5058
55166	16
55181	240356
55189	16
55195	16859
55201	32634
55212	8000
55213	3
55214	197172
55218	34
55228	269780
55234	37
55237	19526
55239	2851
55248	3
55253	35883
55256	3
55257	8632
55258	638
55266	20072
55271	1604
55272	2
55273	9959
55274	24
55275	21
55286	154516
55291	5
55295	53032
55296	6549
55299	3
55310	599
55311	307159
55312	2716
55315	275617
55324	778
55330	13
55331	4
55334	6478
55341	54828
55342	19865
55345	7484
55348	10708
55351	10772
55365	372
55369	19
55374	125315
55375	3
55378	295635
55379	37930
55380	102782
55386	2989
55388	19918
55398	2
55401	95796
55407	11
55409	42
55418	1378
55421	69
55422	62378
55441	371
55443	3538
55453	12817
55455	264
55456	33
55457	5
55466	12
55467	3034
55470	197
55486	1447
55487	337503
55491	2
55492	214332
55496	5944
55497	313711
55499	1019
55502	3
55503	3538
55504	181
55505	375
55508	3
55512	372
55513	2
55530	260387
55540	46
55546	10319
55547	588
55549	2055
55550	72
55556	5
55560	42508
55566	159426
55572	9146
55578	5
55583	620026
55592	90
55596	807334
55599	2
55602	7063
55605	34806
55609	1329
55621	4042
55622	2563
55624	1574
55628	211512
55632	11
55634	451
55643	390999
55650	97921
55653	54
55658	77756
55662	1120
55665	9626
55667	550438
55670	11
55681	102
55686	40526
55687	4
55693	26228
55697	7
55702	56012
55703	10
55704	159215
55705	37
55710	233230
55713	8
55723	181998
55733	2551
55741	2
55745	193290
55748	175
55749	4
55751	20302
55753	2
55760	90240
55766	2
55778	404323
55790	7653
55802	63889
55806	1
55815	1527
55821	434
55831	326
55834	10762
55841	3
55844	43150
55847	6817
55849	7502
55858	35213
55861	32
55864	82036
55867	75046
55870	1
55876	56352
55877	1187
55878	5
55879	68
55903	60
55911	6
55912	176253
55920	289838
55923	22
55925	14
55930	275154
55931	309852
55936	66833
55937	2
55942	673007
55945	9
55955	231
55956	20849
55961	2
55965	41
55967	441
55975	26524
55981	8
55985	6303
55993	826153
55994	998
56003	4285
56004	462645
56006	3
56007	88946
56012	1
56015	11
56016	352450
56018	44224
56019	48
56021	253
56024	142403
56026	98504
56029	21094
56030	66921
56033	37
56034	51
56040	231615
56041	353064
56043	16918
56046	823458
56060	5
56068	36
56071	990
56075	652350
56079	2245
56099	1153
56101	1047
56112	2873
56123	419902
56125	595
56126	11
56131	31
56139	3818
56140	63973
56146	300
56149	7
56150	15581
56152	750515
56157	247
56158	40466
56165	22
56169	563216
56170	60
56172	32397
56178	758265
56188	3123
56192	358
56194	15476
56199	721
56203	6
56214	83255
56215	57137
56220	105516
56227	639
56229	64
56230	147092
56247	21848
56254	394187
56256	149227
56257	8
56258	3
56262	222978
56263	8
56264	187274
56265	169266
56267	2
56274	7
56278	232626
56283	54
56286	2200
56289	8
56291	217
56297	148211
56309	257
56311	416
56312	34
56319	36
56321	46
56322	187
56323	101
56331	1
56344	2368
56347	103
56353	1365
56363	92
56366	5
56376	96859
56378	95
56384	3787
56392	12740
56395	35610
56397	326
56400	66
56404	16
56407	2
56416	1
56426	10147
56428	1
56433	567056
56438	305143
56439	928
56443	24
56447	9
56451	38
56454	11
56456	3264
56464	732
56467	71
56470	11
56482	15
56491	2
56501	2379
56502	7
56504	1
56509	283672
56516	11003
56525	2753
56534	64396
56535	42726
56539	41809
56540	5
56544	63
56552	311
56558	7783
56567	49682
56570	77
56574	13858
56577	675647
56578	174673
56583	44033
56587	196
56591	5
56598	178384
56605	113278
56606	135859
56609	16
56611	20100
56616	38755
56618	1273
56624	41
56626	97067
56644	163376
56648	1059
56651	605
56652	212465
56655	1389
56661	3137
56663	5
56666	1909
56668	41
56670	4
56675	126013
56683	17
56714	5
56715	166719
56718	11414
56719	255
56724	3079
56726	186690
56734	34
56739	501896
56746	2
56748	1739
56749	11
56750	87481
56752	943473
56754	400264
56764	3
56769	20
56775	9
56778	13501
56781	927428
56788	4401
56799	774
56800	155074
56803	54
56807	408
56814	1150
56819	231617
56820	1351
56826	3
56827	619158
56836	935
56837	374
56851	53
56856	26968
56862	4153
56871	74
56877	714
56878	649003
56887	14266
56888	374
56889	15
56896	550
56901	922
56905	28719
56908	502
56909	458
56911	18991
56912	336
56925	5474
56926	470
56929	19666
56931	10570
56932	3
56936	493770
56945	26
56946	5
56948	13
56949	24689
56951	9025
56954	369302
56956	453735
56959	103685
56965	121
56966	2
56967	49
56968	1380
56969	3437
56971	3
56973	4
56979	2562
56985	76
56988	234
56996	579142
56999	2376
57002	857887
57004	3694
57014	5611
57015	4
57017	2
57019	92416
57028	6
57029	24
57032	5407
57054	15338
57057	36282
57063	59181
57065	170
57066	9
57068	25525
57075	611673
57092	284
57097	148502
57099	89
57103	425
57105	3
57109	597
57112	180
57123	8
57124	128483
57128	319
57132	19765
57143	2
57150	5517
57151	28
57159	75
57165	2
57168	944491
57169	47602
57176	2
57178	1178
57179	629
57181	8
57185	9634
57186	568
57187	327846
57194	7108
57199	19045
57202	2587
57203	1
57207	48
57209	44481
57212	61
57219	3
57228	25
57229	219
57237	13
57240	451
57247	11
57249	8
57250	26425
57254	368
57265	1
57266	777
57275	210277
57281	11804
57287	14
57290	177754
57306	5332
57313	1
57321	788
57332	826345
57337	66272
57341	7
57342	40361
57343	45
57344	2
57349	4
57351	34
57359	74252
57360	104027
57369	175505
57381	314533
57383	56
57388	225406
57390	9770
57394	57
57398	8404
57399	4
57400	4
57405	24464
57421	2
57423	102269
57425	186
57428	145396
57434	1226
57438	6
57455	1621
57461	481420
57463	118
57464	4
57466	1713
57472	6
57478	181
57485	103229
57487	8
57494	157
57497	33561
57504	8
57507	263
57508	612
57509	11
57519	5069
57521	50506
57529	669320
57534	47
57535	16978
57538	2
57542	150
57547	62050
57551	137065
57553	1981
57558	1620
57559	47
57579	147
57581	214134
57600	735
57612	1069
57617	91
57619	117
57622	43
57635	299
57640	3
57648	3071
57653	62
57654	1422
57657	298
57664	1961
57667	160
57671	1746
57672	59652
57678	34
57679	227044
57685	651789
57687	3922
57702	13
57719	62
57720	18
57721	14314
57726	106583
57732	10148
57734	154850
57742	11577
57744	81663
57745	5413
57755	687744
57759	320551
57760	153
57763	822575
57769	653152
57771	4
57784	29
57787	137
57801	636
57805	549
57806	10
57809	1135
57812	136
57818	57471
57824	485207
57828	2111
57832	50
57833	77
57835	495
57837	107
57838	2
57844	44455
57848	5
57849	4
57850	20054
57859	12738
57863	5965
57864	134102
57867	53
57872	77696
57873	196
57874	3688
57880	2
57897	7460
57904	1686
57907	580
57918	81
57919	91
57927	2
57928	81124
57932	133885
57945	10676
57952	109
57954	167729
57957	3862
57967	7164
57983	1
57984	6505
57990	5
57996	9747
58004	645419
58006	26
58009	110
58018	203662
58021	1
58027	3
58037	105777
58038	131
58040	5224
58055	59
58058	3
58059	479405
58066	891239
58068	8
58070	907
58073	14
58078	4
58084	304534
58093	446163
58098	178
58099	14
58103	75761
58125	78
58128	62288
58130	3
58134	7771
58135	890698
58136	73
58139	6534
58143	931342
58149	949293
58150	58346
58151	272
58154	254800
58159	25997
58168	3858
58173	261371
58178	382
58179	2
58180	413
58182	329
58187	3603
58189	69
58192	702727
58198	880270
58200	15
58201	151
58211	13026
58222	111532
58223	645
58229	29
58235	9623
58245	110
58252	56201
58253	3211
58275	2843
58276	731511
58284	524506
58291	1
58292	6909
58296	45
58303	16
58304	49
58309	286
58311	2
58312	163818
58321	23
58328	9682
58335	45
58339	89191
58340	139
58343	424
58352	96
58363	9
58364	7
58370	5
58377	11
58380	22
58387	6610
58388	425718
58406	37
58414	3
58418	2
58423	44
58424	3
58425	665
58432	3
58435	11034
58442	11
58445	88
58451	109435
58452	96
58455	1379
58457	545944
58469	7736
58470	699392
58475	2
58481	394521
58484	5
58486	2766
58489	4
58491	154630
58494	925
58503	63
58507	462
58510	63
58514	7280
58516	258
58517	25157
58518	409
58524	1012
58526	3559
58527	3411
58533	2164
58539	394
58540	7
58543	1933
58544	3
58551	445124
58563	10721
58570	194
58577	117
58580	358378
58583	214346
58600	8
58601	12
58607	2
58630	106832
58631	43
58637	21
58640	376961
58652	251
58665	1
58667	31
58671	46872
58673	272
58674	2701
58676	4572
58678	73053
58683	49132
58691	56
58692	728
58696	2
58698	861
58699	3281
58707	1
58708	6
58727	103
58740	196544
58750	18
58757	540316
58762	528716
58764	17
58768	108035
58770	514969
58782	76
58795	7937
58802	194
58809	3562
58811	75950
58822	567343
58826	481
58829	218761
58841	10540
58856	1144
58862	62588
58869	20
58871	827017
58874	15530
58876	199
58877	581
58878	79687
58881	93
58893	7
58895	35
58903	75450
58904	1844
58911	2
58929	104
58943	53279
58955	12
58963	2134
58968	1121
58969	385084
58974	37564
58975	110469
58981	11
58990	172293
58993	13
58996	321
59009	4592
59014	201
59015	2973
59021	10014
59022	3
59023	8760
59026	201
59029	14
59036	183
59044	2222
59045	3
59047	375735
59049	310287
59051	947
59055	701195
59056	17
59058	228113
59061	590
59062	1664
59063	4
59071	40208
59088	18
59090	121819
59097	12365
59106	4
59108	34733
59120	4
59121	737425
59122	86
59124	183894
59126	716
59127	3
59128	14
59132	1791
59138	112301
59143	11
59144	3
59148	7
59158	333179
59166	585
59171	275679
59173	4
59183	1219
59187	23618
59189	148959
59190	407
59191	85
59193	30747
59199	31
59206	2
59207	40723
59211	441056
59212	5
59219	17
59223	5
59236	24
59243	3230
59244	18359
59245	508569
59247	274633
59256	4705
59260	5376
59262	37
59265	295
59271	640
59273	187
59274	265
59275	10
59276	501230
59279	932
59284	29
59288	18
59290	7
59294	1499
59305	18
59306	46
59307	2
59308	166063
59309	91650
59311	2
59313	340
59315	4
59322	3210
59330	28
59344	4
59351	1235
59353	907817
59357	78918
59377	14
59378	65
59383	59
59386	182535
59389	72
59400	60
59401	837255
59409	537
59414	1236
59424	4
59433	476
59437	19043
59441	47143
59442	10244
59453	15604
59492	4
59501	326
59512	31344
59513	12104
59524	766
59528	8
59533	941900
59537	33923
59543	96
59551	38
59553	143911
59555	619
59558	7
59563	792
59564	6173
59569	12383
59573	25
59578	269
59589	41
59598	7
59600	6
59613	1002
59614	291
59627	343
59642	3
59652	543
59656	3
59658	86
59675	866
59686	104404
59688	1
59691	178
59695	1
59706	3
59707	65949
59709	403
59721	33
59722	102584
59732	3
59733	1244
59739	3
59742	708400
59747	183679
59754	2
59755	3
59757	25066
59759	7345
59762	346
59763	6
59772	202
59780	647088
59783	751
59786	32359
59801	279
59804	57
59809	260
59810	5021
59822	711
59823	545
59824	43782
59827	154397
59829	2
59831	8
59840	2160
59849	22095
59853	2
59857	2435
59864	238693
59869	3
59874	16233
59876	1804
59879	58
59884	17
59889	1493
59890	50505
59896	15
59897	428146
59898	318437
59899	241125
59903	24
59908	5775
59910	91850
59918	8890
59920	97
59929	466
59940	13
59942	24780
59944	502
59947	382
59948	11863
59949	25
59951	7
59958	424
59962	944945
59974	1155
59980	35
59990	91
59996	17
60000	1
60003	762309
60010	6
60012	1741
60015	164
60019	2
60028	5298
60034	69
60043	36378
60048	3371
60057	333776
60063	222228
60065	562358
60066	5790
60069	119
60070	58
60073	2
60075	12
60077	865601
60080	234835
60088	11
60093	1084
60096	37
60099	32
60100	265038
60111	62880
60112	74899
60114	1193
60115	19834
60123	78
60124	7
60125	13
60129	6568
60132	539627
60148	916
60150	2
60154	8
60155	4712
60163	2381
60174	386310
60180	554592
60181	25
60187	441
60209	7825
60211	4
60213	563
60223	122
60230	427872
60236	26
60246	1
60247	80151
60250	611852
60251	80471
60255	3
60260	3044
60267	49566
60270	2504
60271	741
60274	11954
60275	8370
60289	10
60293	70
60297	331
60312	63442
60313	10
60314	99
60315	43
60322	3
60331	748547
60334	29
60336	307884
60349	55889
60351	403
60355	12075
60360	4
60363	53127
60376	3
60377	66462
60378	188701
60379	57805
60381	13971
60393	2
60406	843823
60408	6
60409	140425
60415	131842
60417	9851
60419	22696
60438	645409
60443	405
60451	6319
60452	240
60464	161025
60465	913440
60467	506
60474	8327
60476	3988
60480	138
60483	52288
60485	7
60489	25
60491	43
60494	855830
60496	10
60507	216238
60508	38
60510	29
60512	737808
60513	303878
60514	276
60524	46168
60533	20858
60540	3650
60544	27
60545	8
60556	1311
60559	3
60561	21
60562	1
60564	205
60566	11
60574	2148
60582	1295
60584	40022
60597	97894
60599	7844
60600	148044
60611	545
60612	84737
60615	2090
60617	173656
60618	2214
60619	395
60626	551822
60629	97
60630	2770
60633	839979
60637	2028
60641	6
60642	2949
60643	205937
60645	2
60664	101931
60667	13
60668	4
60671	241708
60681	44
60686	6
60688	1864
60689	4640
60697	2
60700	3142
60702	6829
60704	14815
60710	298434
60715	23
60728	20505
60730	16
60740	6246
60751	3848
60764	81
60770	311
60772	659
60777	100771
60783	127991
60784	6
60787	6151
60788	197
60792	186544
60793	11263
60801	115352
60804	14
60811	2
60813	36
60818	434981
60819	91369
60820	2
60821	23
60825	58033
60829	77372
60834	199721
60835	73458
60840	1438
60847	1
60862	29
60871	56
60877	5
60878	9
60885	20552
60894	114
60900	4
60903	357706
60905	29
60906	2
60910	11
60913	40
60916	157165
60925	298548
60930	347
60932	25
60938	70
60939	2
60948	1463
60955	472
60956	11116
60960	119
60961	38306
60964	8732
60984	7285
60985	548
60987	22343
60993	1591
61004	59106
61006	964
61012	1
61013	439
61014	2089
61030	528032
61032	122384
61043	3195
61053	25
61054	2
61064	19517
61067	12
61068	2
61077	17738
61078	16
61079	20
61108	81466
61122	1227
61129	10
61132	32618
61134	19
61147	58
61160	336
61169	224407
61176	2
61188	46
61191	24082
61197	30878
61201	457747
61204	69798
61211	2
61219	68588
61229	2693
61233	122
61235	2
61236	83
61237	2151
61245	8710
61246	779037
61251	414
61254	1
61259	866
61305	6
61314	10008
61318	3
61319	5
61320	1596
61330	91
61332	204173
61346	163620
61365	16
61369	5928
61371	121315
61377	150204
61378	2
61381	38
61387	30
61388	10
61390	7443
61393	59600
61395	3850
61396	1947
61398	41
61405	3
61407	2
61413	75
61422	41
61425	62247
61430	11520
61431	2600
61432	28
61433	192336
61447	56
61452	68655
61456	11
61459	9
61462	647
61465	35
61469	11
61473	15560
61474	1207
61485	80116
61492	316454
61493	712
61494	1696
61495	318620
61497	20
61499	33934
61507	15739
61509	14110
61511	37488
61518	1
61522	137
61526	1349
61530	850
61534	200673
61538	17
61543	237485
61550	141
61552	11
61559	4
61584	74
61587	9829
61588	3
61590	839794
61601	136
61607	834
61608	5
61612	352
61619	54
61622	748
61631	2193
61635	27
61640	3
61647	1287
61651	6
61653	136973
61657	49
61665	328
61666	253406
61670	719
61671	5
61685	181
61694	2
61698	1723
61702	42
61705	10
61710	2214
61718	6
61731	773349
61732	24
61733	42770
61736	8336
61738	68767
61743	36321
61749	8
61757	72
61765	6
61781	86414
61783	92670
61792	230892
61794	1784
61795	140829
61799	3409
61800	1
61802	6
61807	1
61812	4
61821	345315
61824	6299
61828	4044
61831	440
61837	33
61838	11883
61844	106
61847	210944
61854	552
61855	181289
61857	36
61868	134889
61877	843629
61878	1
61882	2
61884	115039
61892	186
61909	35055
61912	90004
61918	1026
61922	107
61936	6
61948	609
61951	3150
61957	31064
61966	44
61967	89
61969	14894
61970	1074
61979	3
61983	41
61984	72034
61986	2018
61999	2
62001	4
62006	28590
62018	1
62020	220637
62028	1
62045	9
62046	6905
62047	13554
62060	51523
62068	3289
62070	335
62072	86991
62077	156
62097	16
62106	68053
62110	18
62112	1
62125	709
62129	10691
62131	2
62133	3
62137	1086
62138	11517
62160	6
62165	34973
62168	2111
62169	2858
62170	733070
62173	2398
62177	704735
62178	186607
62182	50458
62183	11
62191	4384
62197	21
62211	10767
62213	2590
62217	182622
62220	388
62224	46
62227	539
62241	1527
62246	61880
62252	5
62254	2193
62258	6090
62259	1
62263	414873
62267	556049
62281	1
62293	412752
62295	5
62297	3
62299	3
62302	463091
62303	1120
62305	82
62310	8
62315	29
62322	229
62324	38
62328	112
62335	24
62344	947423
62347	17684
62349	2
62351	34
62354	104395
62360	25
62365	16455
62371	242234
62399	3
62406	29
62408	1
62409	8676
62414	37173
62423	41
62430	10347
62438	14030
62443	402
62445	16244
62463	1189
62468	30530
62472	44195
62475	127082
62477	6763
62487	84989
62494	6
62498	18276
62499	426131
62502	2835
62504	4
62505	3735
62506	99
62525	2101
62528	8
62538	7903
62541	227
62542	1068
62544	102865
62546	44
62556	139585
62557	286
62566	109382
62572	353
62582	4812
62586	87
62590	330344
62601	408475
62605	10
62608	18847
62613	99468
62617	152640
62621	51
62625	789622
62630	20
62631	718468
62632	1
62636	9
62639	3
62645	4751
62654	706531
62657	3125
62658	195927
62663	13775
62665	94
62670	4
62673	192
62676	3
62678	401928
62694	1987
62695	63183
62706	1
62718	4
62723	8
62733	581652
62736	12
62737	5
62741	2364
62758	43134
62780	158
62788	48
62789	137
62794	74166
62795	166
62805	3
62808	832852
62810	1076
62822	5369
62825	77
62829	569
62832	2
62834	358
62835	7
62836	856
62842	11
62844	372489
62847	338404
62849	6824
62859	5382
62865	387983
62871	397283
62875	33902
62883	47
62887	475737
62888	18784
62889	31566
62890	222
62897	6591
62904	62
62910	163
62913	2305
62916	672
62917	7
62924	272017
62926	928
62934	53
62936	3016
62945	232
62946	455
62948	103483
62951	25063
62963	18
62965	200
62971	24
62975	2
62977	2
62979	3
62984	12293
62986	1
62989	28509
62999	64
63004	3713
63008	7589
63012	14316
63015	890
63037	209675
63049	213764
63050	7
63053	8716
63067	1504
63070	2
63072	20066
63073	26
63083	7
63090	243
63097	6
63100	929
63101	2309
63103	4
63104	60930
63113	647
63114	19
63125	10
63141	3
63146	4
63147	948040
63156	93283
63168	12272
63170	48
63182	522
63189	4
63200	278
63202	5
63203	49562
63207	102
63209	66
63210	7734
63217	22840
63221	149916
63225	93
63238	56
63241	2
63248	302
63253	44921
63255	90
63267	1785
63269	4
63289	561
63292	2
63306	13
63307	740
63321	3588
63331	45
63341	344
63343	2
63345	13269
63353	2
63354	138
63356	3
63360	11
63361	88
63363	68092
63364	783
63374	13
63381	74
63390	3430
63394	2
63398	9
63400	82629
63402	564149
63410	653037
63414	363352
63418	13402
63419	5816
63433	423394
63446	46
63447	688364
63451	5621
63453	11928
63454	383498
63457	267
63458	641
63463	284136
63464	11
63466	931361
63467	1458
63468	1
63470	12062
63477	243
63478	1213
63482	176662
63487	5
63499	540
63500	53980
63506	58167
63508	2
63517	84
63524	8289
63537	14
63546	2372
63549	820943
63550	421657
63551	1
63561	3
63562	21682
63563	69445
63566	18
63576	3
63577	59
63590	465865
63593	751195
63604	9236
63608	1372
63619	598125
63627	3779
63635	104
63641	589
63646	4267
63663	132
63667	387591
63668	332250
63669	43988
63672	122123
63688	190147
63689	25
63698	4674
63702	48754
63704	190
63707	125071
63710	25994
63719	5
63723	13294
63728	4
63734	97
63737	5
63739	2711
63741	35
63752	11241
63755	98259
63758	2
63760	774221
63771	1067
63773	7
63777	28
63784	46233
63794	946729
63802	29255
63813	26
63826	130
63827	641169
63830	19633
63836	477
63840	545
63845	777973
63855	633
63856	10618
63861	10196
63862	333144
63869	12425
63871	670058
63873	15315
63877	12167
63879	26
63881	44
63882	35581
63892	887974
63894	13316
63899	204
63901	24145
63906	40607
63913	221
63914	59080
63924	5
63938	391
63944	1
63948	263015
63949	1
63953	45
63957	114442
63958	7
63960	5
63963	977
63971	1
63975	477328
63986	834
63995	35955
64007	983
64014	595
64016	6
64018	181889
64019	10322
64029	11922
64052	2
64060	67
64063	1028
64066	38
64077	68910
64082	424
64088	225267
64091	1084
64097	375
64105	7
64107	1
64110	518211
64113	4
64115	165
64116	194
64120	626
64127	9
64152	5749
64157	535187
64176	44939
64189	37
64190	42
64207	101832
64209	9
64212	31
64219	3
64222	11
64226	1714
64230	31
64235	25025
64250	24
64260	210
64265	689
64267	77790
64271	109
64278	233621
64284	1659
64286	192
64301	11
64302	1
64303	63955
64309	312
64314	6206
64318	12
64324	8
64326	174
64332	59690
64333	566444
64338	132
64347	8
64348	3
64350	45
64351	141
64358	23593
64364	64
64368	88287
64374	4002
64377	1486
64380	1
64384	276
64389	886167
64390	3
64391	23
64393	1671
64398	274
64403	1581
64419	101
64420	74336
64422	3
64423	66256
64425	2
64429	760722
64431	287091
64436	9606
64451	70
64462	96974
64463	401669
64466	110451
64473	17
64475	8409
64490	75
64492	9038
64497	324
64499	17235
64504	56419
64512	1028
64518	17
64521	15
64526	311
64527	24211
64528	5837
64529	55
64533	4
64540	54453
64543	1215
64544	26640
64546	78
64548	201776
64551	8
64552	37691
64553	208
64567	168265
64568	122
64570	4556
64571	18068
64574	8
64575	29429
64581	1231
64583	1
64609	580044
64612	4632
64627	5
64629	4341
64632	232761
64635	4245
64636	33
64641	166550
64642	452938
64645	649382
64646	11374
64654	82
64657	98
64664	38
64669	8
64677	3
64678	1
64692	101
64694	112
64695	26
64698	1
64707	292
64713	82762
64731	921417
64757	22409
64764	64
64774	442
64785	4
64787	6
64810	18
64811	19976
64814	2331
64817	1
64824	9
64826	22
64832	56
64836	1829
64844	54
64845	8813
64851	362
64868	3
64869	425587
64882	8851
64885	39244
64889	895
64893	91
64909	77966
64911	278223
64912	55998
64913	17
64920	794463
64926	15469
64928	100170
64929	177
64942	45
64944	790
64953	6
64954	6
64955	8
64961	4342
64969	16
64982	2507
64984	404
64995	31525
64997	23
65002	92307
65012	739739
65017	33
65018	583904
65035	9
65038	3635
65040	522
65042	67
65048	270840
65063	2826
65064	11660
65068	6
65073	20
65082	1
65087	419
65089	737
65094	5534
65096	125
65097	2875
65100	17
65106	9
65108	17
65110	1
65112	30124
65115	415193
65116	1
